requirement_id,kind,priority,domain,module,acceptance_criteria,implementation_status_source,scope_classification,scope_rationale,case_id,test_reference,execution_id,validation_result,evidence,incident,owner,reviewer,notes
RF-ALC-001,RF,Debe,identity-access,Alcance y Contexto,La ejecución de una acción autorizada se limita estrictamente al ámbito de datos o alcance asignado al perfil del usuario.,Implemented,Incluido para validacion,Implementado segun catalogo; falta ejecutar evidencia sobre SHA candidato.,,,,No ejecutado,,,Pablo (coordinacion); responsable de dominio pendiente,,Generado desde requirements.json y requirements-catalogue.md; actualizar tras D1.
RF-ALC-002,RF,Debe,identity-access,Alcance y Contexto,El alcance operativo del docente se circunscribe exclusivamente a los alumnos y subáreas de las secciones asignadas.,Not implemented,Fuera del candidato actual,No implementado segun catalogo; requiere aprobacion explicita si se pretende excluir.,,,,No ejecutado,,,Pablo (coordinacion); responsable de dominio pendiente,,Generado desde requirements.json y requirements-catalogue.md; actualizar tras D1.
RF-ALC-003,RF,Debe,identity-access,Alcance y Contexto,"El sistema vincula las relaciones y alcances de cada usuario con un ciclo escolar determinado, manteniendo la separación por año.",Not implemented,Fuera del candidato actual,No implementado segun catalogo; requiere aprobacion explicita si se pretende excluir.,,,,No ejecutado,,,Pablo (coordinacion); responsable de dominio pendiente,,Generado desde requirements.json y requirements-catalogue.md; actualizar tras D1.
RF-ALC-004,RF,Deberia,identity-access,Alcance y Contexto,El sistema permite consultar la información de ciclos anteriores en modo de solo lectura manteniendo la estructura original.,Not implemented,Fuera del candidato actual,No implementado segun catalogo; requiere aprobacion explicita si se pretende excluir.,,,,No ejecutado,,,Pablo (coordinacion); responsable de dominio pendiente,,Generado desde requirements.json y requirements-catalogue.md; actualizar tras D1.
RF-ALC-005,RF,Debe,identity-access,Alcance y Contexto,"La edición, registro y captura de datos se restringe únicamente al ciclo escolar que se encuentra en estado activo.",Implemented,Incluido para validacion,Implementado segun catalogo; falta ejecutar evidencia sobre SHA candidato.,,,,No ejecutado,,,Pablo (coordinacion); responsable de dominio pendiente,,Generado desde requirements.json y requirements-catalogue.md; actualizar tras D1.
RF-ALC-006,RF,Debe,identity-access,Alcance y Contexto,El padre de familia o encargado solo puede consultar la información académica de los estudiantes que tiene legalmente vinculados.,Not implemented,Fuera del candidato actual,No implementado segun catalogo; requiere aprobacion explicita si se pretende excluir.,,,,No ejecutado,,,Pablo (coordinacion); responsable de dominio pendiente,,Generado desde requirements.json y requirements-catalogue.md; actualizar tras D1.
RF-ALC-007,RF,Deberia,identity-access,Alcance y Contexto,El sistema identifica el grado y sección principal en que está matriculado un alumno para determinar sus calificaciones y asistencia.,Not implemented,Fuera del candidato actual,No implementado segun catalogo; requiere aprobacion explicita si se pretende excluir.,,,,No ejecutado,,,Pablo (coordinacion); responsable de dominio pendiente,,Generado desde requirements.json y requirements-catalogue.md; actualizar tras D1.
RF-ALC-008,RF,Debe,identity-access,,,Not implemented,Fuera del candidato actual,No implementado segun catalogo; requiere aprobacion explicita si se pretende excluir.,,,,No ejecutado,,,Pablo (coordinacion); responsable de dominio pendiente,,Generado desde requirements.json y requirements-catalogue.md; actualizar tras D1.
RF-ALC-009,RF,Debe,identity-access,Alcance y Contexto,"Si una cuenta posee más de un rol, el sistema aplica la suma acumulativa de los alcances autorizados para cada rol.",Not implemented,Fuera del candidato actual,No implementado segun catalogo; requiere aprobacion explicita si se pretende excluir.,,,,No ejecutado,,,Pablo (coordinacion); responsable de dominio pendiente,,Generado desde requirements.json y requirements-catalogue.md; actualizar tras D1.
RF-ARC-001,RF,Debe,file-storage,Gestión de Archivos y Adjuntos,"El sistema restringe la subida de adjuntos únicamente a formatos permitidos (ej. PDF, JPG, PNG) para comprobantes o avisos.",Not implemented,Fuera del candidato actual,No implementado segun catalogo; requiere aprobacion explicita si se pretende excluir.,,,,No ejecutado,,,Pablo (coordinacion); responsable de dominio pendiente,,Generado desde requirements.json y requirements-catalogue.md; actualizar tras D1.
RF-ARC-002,RF,Debe,file-storage,Gestión de Archivos y Adjuntos,El sistema valida que el tamaño del archivo no exceda el límite máximo establecido y comprime/normaliza automáticamente las imágenes de justificantes.,Not implemented,Fuera del candidato actual,No implementado segun catalogo; requiere aprobacion explicita si se pretende excluir.,,,,No ejecutado,,,Pablo (coordinacion); responsable de dominio pendiente,,Generado desde requirements.json y requirements-catalogue.md; actualizar tras D1.
RF-ARC-003,RF,Deberia,file-storage,Gestión de Archivos y Adjuntos,El sistema verifica la integridad de los archivos subidos al servidor mediante suma de verificación o firmas para asegurar que no contengan corrupción.,In progress,Pendiente de clasificacion,No se encontro estado confiable en catalogo; revisar en D1.,,,,No ejecutado,,,Pablo (coordinacion); responsable de dominio pendiente,,Generado desde requirements.json y requirements-catalogue.md; actualizar tras D1.
RF-ARC-004,RF,Deberia,document-management,Gestión de Archivos y Adjuntos,"Si se resube o actualiza un documento de respaldo para una solicitud, el sistema conserva el historial de versiones anteriores para auditoría.",In progress,Pendiente de clasificacion,No se encontro estado confiable en catalogo; revisar en D1.,,,,No ejecutado,,,Pablo (coordinacion); responsable de dominio pendiente,,Generado desde requirements.json y requirements-catalogue.md; actualizar tras D1.
RF-ARC-005,RF,Deberia,file-storage,Gestión de Archivos y Adjuntos,El sistema permite al administrador consultar el espacio total de almacenamiento consumido por adjuntos y archivos del sistema.,Not implemented,Fuera del candidato actual,No implementado segun catalogo; requiere aprobacion explicita si se pretende excluir.,,,,No ejecutado,,,Pablo (coordinacion); responsable de dominio pendiente,,Generado desde requirements.json y requirements-catalogue.md; actualizar tras D1.
RF-ARC-006,RF,Deberia,document-management,Gestión de Archivos y Adjuntos,Los archivos adjuntos de justificantes permanecen guardados en el sistema durante el período lectivo o tiempo de retención institucional fijado.,Implemented,Incluido para validacion,Implementado segun catalogo; falta ejecutar evidencia sobre SHA candidato.,,,,No ejecutado,,,Pablo (coordinacion); responsable de dominio pendiente,,Generado desde requirements.json y requirements-catalogue.md; actualizar tras D1.
RF-ARC-007,RF,Debe,document-management,Gestión de Archivos y Adjuntos,El sistema prohíbe la eliminación física permanente de adjuntos vinculados a trámites o justificaciones activas/auditables.,Implemented,Incluido para validacion,Implementado segun catalogo; falta ejecutar evidencia sobre SHA candidato.,,,,No ejecutado,,,Pablo (coordinacion); responsable de dominio pendiente,,Generado desde requirements.json y requirements-catalogue.md; actualizar tras D1.
RF-ASI-001,RF,Debe,attendance-capture,Jornada Diaria y Estados,El sistema debe determinar la ventana operativa diaria habilitada para la recepción de eventos según el calendario institucional.,Not implemented,Fuera del candidato actual,No implementado segun catalogo; requiere aprobacion explicita si se pretende excluir.,,,,No ejecutado,,,Pablo (coordinacion); responsable de dominio pendiente,,Generado desde requirements.json y requirements-catalogue.md; actualizar tras D1.
RF-ASI-002,RF,Debe,attendance-capture,Asistencia y Escaneo,"El sistema debe procesar las lecturas del código QR de la credencial y registrar el movimiento de entrada o salida, validando que la credencial no esté revocada.",Not implemented,Fuera del candidato actual,No implementado segun catalogo; requiere aprobacion explicita si se pretende excluir.,,,,No ejecutado,,,Pablo (coordinacion); responsable de dominio pendiente,,Generado desde requirements.json y requirements-catalogue.md; actualizar tras D1.
RF-ASI-003,RF,Debe,attendance-capture,Asistencia y Escaneo,"Al realizar el escaneo, la pantalla de confirmación debe desplegar exclusivamente la fotografía, nombre completo, grado y sección del estudiante.",Not implemented,Fuera del candidato actual,No implementado segun catalogo; requiere aprobacion explicita si se pretende excluir.,,,,No ejecutado,,,Pablo (coordinacion); responsable de dominio pendiente,,Generado desde requirements.json y requirements-catalogue.md; actualizar tras D1.
RF-ASI-004,RF,Debe,attendance-capture,Asistencia y Escaneo,El sistema debe rechazar escaneos del mismo tipo de movimiento para el mismo estudiante registrados dentro de la ventana de supresión configurada (5 minutos).,Not implemented,Fuera del candidato actual,No implementado segun catalogo; requiere aprobacion explicita si se pretende excluir.,,,,No ejecutado,,,Pablo (coordinacion); responsable de dominio pendiente,,Generado desde requirements.json y requirements-catalogue.md; actualizar tras D1.
RF-ASI-005,RF,Deberia,attendance-capture,Asistencia y Escaneo,El sistema debe validar que el tipo de movimiento intentado esté explícitamente configurado y permitido para el punto de control en uso.,Not implemented,Fuera del candidato actual,No implementado segun catalogo; requiere aprobacion explicita si se pretende excluir.,,,,No ejecutado,,,Pablo (coordinacion); responsable de dominio pendiente,,Generado desde requirements.json y requirements-catalogue.md; actualizar tras D1.
RF-ASI-006,RF,Debe,identity-access,Asistencia y Escaneo,El sistema debe verificar que la cuenta del usuario posea el permiso granular e explícito correspondiente al tipo de movimiento y modo de captura que intenta ejecutar.,Not implemented,Fuera del candidato actual,No implementado segun catalogo; requiere aprobacion explicita si se pretende excluir.,,,,No ejecutado,,,Pablo (coordinacion); responsable de dominio pendiente,,Generado desde requirements.json y requirements-catalogue.md; actualizar tras D1.
RF-ASI-007,RF,Debe,attendance-capture,Asistencia y Escaneo,"El sistema debe registrar de forma independiente el origen del evento y la vía de transmisión, procesando de igual manera las transmisiones por lote que las inmediatas.",Not implemented,Fuera del candidato actual,No implementado segun catalogo; requiere aprobacion explicita si se pretende excluir.,,,,No ejecutado,,,Pablo (coordinacion); responsable de dominio pendiente,,Generado desde requirements.json y requirements-catalogue.md; actualizar tras D1.
RF-ASI-008,RF,Debe,attendance-governance,Asistencia y Escaneo,"La estampa de tiempo del evento debe provenir exclusivamente de la fuente de hora central autorizada, evitando manipulación desde el dispositivo local.",Not implemented,Fuera del candidato actual,No implementado segun catalogo; requiere aprobacion explicita si se pretende excluir.,,,,No ejecutado,,,Pablo (coordinacion); responsable de dominio pendiente,,Generado desde requirements.json y requirements-catalogue.md; actualizar tras D1.
RF-ASI-009,RF,Debe,attendance-capture,Asistencia y Escaneo,"En ausencia de conectividad, el sistema debe almacenar los lotes localmente de forma segura para transmitirlos al reestablecer la red.",Not implemented,Fuera del candidato actual,No implementado segun catalogo; requiere aprobacion explicita si se pretende excluir.,,,,No ejecutado,,,Pablo (coordinacion); responsable de dominio pendiente,,Generado desde requirements.json y requirements-catalogue.md; actualizar tras D1.
RF-ASI-010,RF,Debe,attendance-capture,Asistencia y Escaneo,La recepción o procesamiento repetido de un lote o elemento ya registrado no debe generar duplicados ni alterar el historial existente.,Not implemented,Fuera del candidato actual,No implementado segun catalogo; requiere aprobacion explicita si se pretende excluir.,,,,No ejecutado,,,Pablo (coordinacion); responsable de dominio pendiente,,Generado desde requirements.json y requirements-catalogue.md; actualizar tras D1.
RF-ASI-011,RF,Deberia,attendance-governance,Asistencia y Escaneo,"El sistema debe permitir el cierre declarado por sección solo a docentes u operadores autorizados, notificando antes de confirmar los estudiantes omitidos (con egreso, salida anticipada o ausentes).",Not implemented,Fuera del candidato actual,No implementado segun catalogo; requiere aprobacion explicita si se pretende excluir.,,,,No ejecutado,,,Pablo (coordinacion); responsable de dominio pendiente,,Generado desde requirements.json y requirements-catalogue.md; actualizar tras D1.
RF-ASI-012,RF,Debe,attendance-capture,Asistencia y Escaneo,El sistema debe requerir la selección de un motivo de una lista configurable para cualquier registro manual y marcarlo distintivamente de los escaneos.,Not implemented,Fuera del candidato actual,No implementado segun catalogo; requiere aprobacion explicita si se pretende excluir.,,,,No ejecutado,,,Pablo (coordinacion); responsable de dominio pendiente,,Generado desde requirements.json y requirements-catalogue.md; actualizar tras D1.
RF-ASI-013,RF,Debe,attendance-governance,Asistencia y Escaneo,"El sistema debe guardar trazabilidad completa en bitácora sobre el evento de cierre por sección, incluyendo los datos de cobertura y confirmación.",Implemented,Incluido para validacion,Implementado segun catalogo; falta ejecutar evidencia sobre SHA candidato.,,,,No ejecutado,,,Pablo (coordinacion); responsable de dominio pendiente,,Generado desde requirements.json y requirements-catalogue.md; actualizar tras D1.
RF-ASI-014,RF,Debe,attendance-capture,Asistencia y Escaneo,La respuesta del sistema ante el escaneo de credencial en el punto de control debe realizarse de forma inmediata para agilizar el flujo de estudiantes.,Not implemented,Fuera del candidato actual,No implementado segun catalogo; requiere aprobacion explicita si se pretende excluir.,,,,No ejecutado,,,Pablo (coordinacion); responsable de dominio pendiente,,Generado desde requirements.json y requirements-catalogue.md; actualizar tras D1.
RF-AUL-001,RF,Deberia,institutional-structure,Aulas,"El sistema gestiona el catálogo de recintos, aulas y laboratorios del establecimiento indicando su código y ubicación.",Implemented,Incluido para validacion,Implementado segun catalogo; falta ejecutar evidencia sobre SHA candidato.,,,,No ejecutado,,,Pablo (coordinacion); responsable de dominio pendiente,,Generado desde requirements.json y requirements-catalogue.md; actualizar tras D1.
RF-AUL-002,RF,Deberia,institutional-structure,Aulas,El sistema permite asignar un aula de referencia predeterminada para el desarrollo de las clases de una sección.,Not implemented,Fuera del candidato actual,No implementado segun catalogo; requiere aprobacion explicita si se pretende excluir.,,,,No ejecutado,,,Pablo (coordinacion); responsable de dominio pendiente,,Generado desde requirements.json y requirements-catalogue.md; actualizar tras D1.
RF-AUL-003,RF,Deberia,institutional-structure,Aulas,El sistema permite registrar períodos de clase especiales (ej. Educación Física) sin la obligación de vincular un aula física fija.,Not implemented,Fuera del candidato actual,No implementado segun catalogo; requiere aprobacion explicita si se pretende excluir.,,,,No ejecutado,,,Pablo (coordinacion); responsable de dominio pendiente,,Generado desde requirements.json y requirements-catalogue.md; actualizar tras D1.
RF-AUL-004,RF,Podria,institutional-structure,Aulas,Podría,Implemented,Incluido para validacion,Implementado segun catalogo; falta ejecutar evidencia sobre SHA candidato.,,,,No ejecutado,,,Pablo (coordinacion); responsable de dominio pendiente,,Generado desde requirements.json y requirements-catalogue.md; actualizar tras D1.
RF-AUL-005,RF,Podria,institutional-structure,Aulas,"El sistema permite marcar un aula como temporalmente inhabilitada o en mantenimiento, bloqueando su asignación en los horarios.",Implemented,Incluido para validacion,Implementado segun catalogo; falta ejecutar evidencia sobre SHA candidato.,,,,No ejecutado,,,Pablo (coordinacion); responsable de dominio pendiente,,Generado desde requirements.json y requirements-catalogue.md; actualizar tras D1.
RF-AUL-006,RF,Podria,institutional-structure,Aulas,El sistema impide la eliminación de recintos que cuenten con asignaciones registradas en ciclos lectivos anteriores.,Implemented,Incluido para validacion,Implementado segun catalogo; falta ejecutar evidencia sobre SHA candidato.,,,,No ejecutado,,,Pablo (coordinacion); responsable de dominio pendiente,,Generado desde requirements.json y requirements-catalogue.md; actualizar tras D1.
RF-AUT-001,RF,Debe,identity-access,Autenticación y Sesiones,El sistema autentica la identidad del usuario mediante la validación segura de su credencial de usuario y contraseña.,Not implemented,Fuera del candidato actual,No implementado segun catalogo; requiere aprobacion explicita si se pretende excluir.,,,,No ejecutado,,,Pablo (coordinacion); responsable de dominio pendiente,,Generado desde requirements.json y requirements-catalogue.md; actualizar tras D1.
RF-AUT-002,RF,Debe,identity-access,Autenticación y Sesiones,El sistema bloquea temporalmente el acceso a una cuenta tras superar un número máximo de intentos fallidos consecutivos.,Implemented,Incluido para validacion,Implementado segun catalogo; falta ejecutar evidencia sobre SHA candidato.,,,,No ejecutado,,,Pablo (coordinacion); responsable de dominio pendiente,,Generado desde requirements.json y requirements-catalogue.md; actualizar tras D1.
RF-AUT-003,RF,Deberia,identity-access,Autenticación y Sesiones,El tiempo de inactividad antes de expirar la sesión se parametriza según el nivel de seguridad asignado a cada rol.,In Progress,Incluido condicionado,Requiere cerrar brecha y ejecutar evidencia antes de aceptacion.,,,,No ejecutado,,,Pablo (coordinacion); responsable de dominio pendiente,,Generado desde requirements.json y requirements-catalogue.md; actualizar tras D1.
RF-AUT-004,RF,Debe,identity-access,Autenticación y Sesiones,"El usuario puede finalizar activamente su sesión, destruyendo las credenciales temporales y tokens de acceso almacenados.",In Progress,Incluido condicionado,Requiere cerrar brecha y ejecutar evidencia antes de aceptacion.,,,,No ejecutado,,,Pablo (coordinacion); responsable de dominio pendiente,,Generado desde requirements.json y requirements-catalogue.md; actualizar tras D1.
RF-AUT-005,RF,Debe,attendance-capture,Autenticación y Sesiones,El sistema invalida los tokens de edición al finalizar el tiempo asignado o cerrar manualmente la ventana de captura.,Not implemented,Fuera del candidato actual,No implementado segun catalogo; requiere aprobacion explicita si se pretende excluir.,,,,No ejecutado,,,Pablo (coordinacion); responsable de dominio pendiente,,Generado desde requirements.json y requirements-catalogue.md; actualizar tras D1.
RF-AUT-006,RF,Debe,identity-access,Autenticación y Sesiones,El sistema permite al usuario autenticado actualizar su clave personal requiriendo la confirmación de la contraseña actual.,Implemented,Incluido para validacion,Implementado segun catalogo; falta ejecutar evidencia sobre SHA candidato.,,,,No ejecutado,,,Pablo (coordinacion); responsable de dominio pendiente,,Generado desde requirements.json y requirements-catalogue.md; actualizar tras D1.
RF-BIT-001,RF,Debe,audit-compliance,Bitácora y Auditoría,"El sistema registra automáticamente en un historial auditado toda acción de creación, modificación o eliminación de datos.",Implemented,Incluido para validacion,Implementado segun catalogo; falta ejecutar evidencia sobre SHA candidato.,,,,No ejecutado,,,Pablo (coordinacion); responsable de dominio pendiente,,Generado desde requirements.json y requirements-catalogue.md; actualizar tras D1.
RF-BIT-002,RF,Debe,audit-compliance,Bitácora y Auditoría,"Cada registro de bitácora almacena timestamp, ID de usuario, dirección IP, acción realizada y los datos previos y posteriores al cambio.",Not implemented,Fuera del candidato actual,No implementado segun catalogo; requiere aprobacion explicita si se pretende excluir.,,,,No ejecutado,,,Pablo (coordinacion); responsable de dominio pendiente,,Generado desde requirements.json y requirements-catalogue.md; actualizar tras D1.
RF-BIT-003,RF,Debe,audit-compliance,Bitácora y Auditoría,El sistema audita de manera específica la visualización o consulta de información declarada confidencial o sensible.,Implemented,Incluido para validacion,Implementado segun catalogo; falta ejecutar evidencia sobre SHA candidato.,,,,No ejecutado,,,Pablo (coordinacion); responsable de dominio pendiente,,Generado desde requirements.json y requirements-catalogue.md; actualizar tras D1.
RF-BIT-004,RF,Deberia,audit-compliance,Bitácora y Auditoría,El sistema registra en la bitácora de seguridad los intentos no autorizados de acceso a recursos o módulos protegidos.,Implemented,Incluido para validacion,Implementado segun catalogo; falta ejecutar evidencia sobre SHA candidato.,,,,No ejecutado,,,Pablo (coordinacion); responsable de dominio pendiente,,Generado desde requirements.json y requirements-catalogue.md; actualizar tras D1.
RF-BIT-005,RF,Debe,audit-compliance,Bitácora y Auditoría,"Los asientos de auditoría creados son de solo lectura; el sistema impide la modificación, alteración o borrado de la bitácora.",Not implemented,Fuera del candidato actual,No implementado segun catalogo; requiere aprobacion explicita si se pretende excluir.,,,,No ejecutado,,,Pablo (coordinacion); responsable de dominio pendiente,,Generado desde requirements.json y requirements-catalogue.md; actualizar tras D1.
RF-BIT-006,RF,Deberia,audit-compliance,Bitácora y Auditoría,"La búsqueda, filtrado y exportación de eventos de la bitácora se limita exclusivamente a usuarios con rol de administrador global.",Implemented,Incluido para validacion,Implementado segun catalogo; falta ejecutar evidencia sobre SHA candidato.,,,,No ejecutado,,,Pablo (coordinacion); responsable de dominio pendiente,,Generado desde requirements.json y requirements-catalogue.md; actualizar tras D1.
RF-BIT-007,RF,Debe,audit-compliance,Bitácora y Auditoría,Las acciones en la bitácora conservan la autoría del usuario original aun si la cuenta asociada es posteriormente desactivada.,Not implemented,Fuera del candidato actual,No implementado segun catalogo; requiere aprobacion explicita si se pretende excluir.,,,,No ejecutado,,,Pablo (coordinacion); responsable de dominio pendiente,,Generado desde requirements.json y requirements-catalogue.md; actualizar tras D1.
RF-CAL-001,RF,Debe,academic-evaluation,Calificaciones y Captura,El sistema permite al docente ingresar la calificación correspondiente a cada estudiante para una unidad o período evaluativo en la subárea asignada.,Not implemented,Fuera del candidato actual,No implementado segun catalogo; requiere aprobacion explicita si se pretende excluir.,,,,No ejecutado,,,Pablo (coordinacion); responsable de dominio pendiente,,Generado desde requirements.json y requirements-catalogue.md; actualizar tras D1.
RF-CAL-002,RF,Debe,academic-evaluation,Calificaciones y Captura,"El sistema valida que los valores ingresados se encuentren dentro de la escala oficial permitida (ej. 0 a 100 puntos), rechazando montos fuera de rango.",Not implemented,Fuera del candidato actual,No implementado segun catalogo; requiere aprobacion explicita si se pretende excluir.,,,,No ejecutado,,,Pablo (coordinacion); responsable de dominio pendiente,,Generado desde requirements.json y requirements-catalogue.md; actualizar tras D1.
RF-CAL-003,RF,Debe,academic-evaluation,Calificaciones y Captura,"El sistema diferencia explícitamente entre una nota no ingresada o pendiente (""Sin calificar"") y una calificación efectiva asignada de cero (0).",Not implemented,Fuera del candidato actual,No implementado segun catalogo; requiere aprobacion explicita si se pretende excluir.,,,,No ejecutado,,,Pablo (coordinacion); responsable de dominio pendiente,,Generado desde requirements.json y requirements-catalogue.md; actualizar tras D1.
RF-CAL-004,RF,Deberia,academic-evaluation,Calificaciones y Captura,El sistema permite al docente importar calificaciones de forma masiva a través de plantillas de archivos estructurados (ej. CSV o Excel).,Not implemented,Fuera del candidato actual,No implementado segun catalogo; requiere aprobacion explicita si se pretende excluir.,,,,No ejecutado,,,Pablo (coordinacion); responsable de dominio pendiente,,Generado desde requirements.json y requirements-catalogue.md; actualizar tras D1.
RF-CAL-005,RF,Debe,academic-evaluation,Calificaciones y Captura,"El sistema habilita la modificación de una nota previamente registrada siempre que la ventana esté activa o cuente con autorización, registrando el cambio en bitácora.",Implemented,Incluido para validacion,Implementado segun catalogo; falta ejecutar evidencia sobre SHA candidato.,,,,No ejecutado,,,Pablo (coordinacion); responsable de dominio pendiente,,Generado desde requirements.json y requirements-catalogue.md; actualizar tras D1.
RF-CAL-006,RF,Debe,identity-access,Calificaciones y Captura,El docente solo puede visualizar e ingresar notas para las subáreas y secciones que tiene formalmente asignadas en el ciclo lectivo.,Not implemented,Fuera del candidato actual,No implementado segun catalogo; requiere aprobacion explicita si se pretende excluir.,,,,No ejecutado,,,Pablo (coordinacion); responsable de dominio pendiente,,Generado desde requirements.json y requirements-catalogue.md; actualizar tras D1.
RF-CAL-007,RF,Debe,academic-evaluation,Calificaciones y Captura,Las calificaciones son visibles para el encargado una vez completado el proceso de publicación o cierre de la ventana de captura por la dirección.,Implemented,Incluido para validacion,Implementado segun catalogo; falta ejecutar evidencia sobre SHA candidato.,,,,No ejecutado,,,Pablo (coordinacion); responsable de dominio pendiente,,Generado desde requirements.json y requirements-catalogue.md; actualizar tras D1.
RF-CAL-008,RF,Deberia,academic-evaluation,Calificaciones y Captura,El sistema muestra un panel de control indicando el porcentaje de avance de captura de notas y las calificaciones faltantes por docente y sección.,Not implemented,Fuera del candidato actual,No implementado segun catalogo; requiere aprobacion explicita si se pretende excluir.,,,,No ejecutado,,,Pablo (coordinacion); responsable de dominio pendiente,,Generado desde requirements.json y requirements-catalogue.md; actualizar tras D1.
RF-CIC-001,RF,Debe,school-cycle,Ciclos Escolares,"El sistema permite crear un ciclo lectivo indicando su año correspondiente, fecha de inicio, fecha de término y descripción institucional.",Implemented,Incluido para validacion,Implementado segun catalogo; falta ejecutar evidencia sobre SHA candidato.,,,,No ejecutado,,,Pablo (coordinacion); responsable de dominio pendiente,,Generado desde requirements.json y requirements-catalogue.md; actualizar tras D1.
RF-CIC-002,RF,Debe,school-cycle,Ciclos Escolares,"El sistema gestiona la transición de estados para el ciclo escolar (ej. Planificación, Activo, Cerrado) restringiendo operaciones según su estado actual.",In progress,Pendiente de clasificacion,No se encontro estado confiable en catalogo; revisar en D1.,,,,No ejecutado,,,Pablo (coordinacion); responsable de dominio pendiente,,Generado desde requirements.json y requirements-catalogue.md; actualizar tras D1.
RF-CIC-003,RF,Debe,school-cycle,Ciclos Escolares,El sistema permite activar formalmente el ciclo lectivo una vez validados los parámetros académicos y la carga docente de apertura.,Not implemented,Fuera del candidato actual,No implementado segun catalogo; requiere aprobacion explicita si se pretende excluir.,,,,No ejecutado,,,Pablo (coordinacion); responsable de dominio pendiente,,Generado desde requirements.json y requirements-catalogue.md; actualizar tras D1.
RF-CIC-004,RF,Debe,school-cycle,Ciclos Escolares,"Al ejecutar el cierre del ciclo lectivo, el sistema bloquea las modificaciones a las notas, marcaciones y expedientes del año concluido.",Not implemented,Fuera del candidato actual,No implementado segun catalogo; requiere aprobacion explicita si se pretende excluir.,,,,No ejecutado,,,Pablo (coordinacion); responsable de dominio pendiente,,Generado desde requirements.json y requirements-catalogue.md; actualizar tras D1.
RF-CIC-005,RF,Deberia,school-cycle,Ciclos Escolares,El sistema permite al administrador la reapertura temporal de un ciclo cerrado bajo autorización explícita y registrando obligatoriamente el evento en la bitácora.,Not implemented,Fuera del candidato actual,No implementado segun catalogo; requiere aprobacion explicita si se pretende excluir.,,,,No ejecutado,,,Pablo (coordinacion); responsable de dominio pendiente,,Generado desde requirements.json y requirements-catalogue.md; actualizar tras D1.
RF-CIC-006,RF,Debe,school-cycle,Ciclos Escolares,El sistema garantiza que los datos de ciclos anteriores permanezcan inalterados y consultables para auditorías o emisión de notas históricas.,Not implemented,Fuera del candidato actual,No implementado segun catalogo; requiere aprobacion explicita si se pretende excluir.,,,,No ejecutado,,,Pablo (coordinacion); responsable de dominio pendiente,,Generado desde requirements.json y requirements-catalogue.md; actualizar tras D1.
RF-CIC-007,RF,Deberia,school-cycle,Ciclos Escolares,"El sistema permite copiar la estructura académica (grados, subáreas y configuraciones base) del ciclo finalizado hacia el nuevo ciclo en preparación.",Implemented,Incluido para validacion,Implementado segun catalogo; falta ejecutar evidencia sobre SHA candidato.,,,,No ejecutado,,,Pablo (coordinacion); responsable de dominio pendiente,,Generado desde requirements.json y requirements-catalogue.md; actualizar tras D1.
RF-CRE-001,RF,Debe,attendance-capture,Credenciales,"El sistema genera para cada estudiante un código QR único que contiene un identificador opaco y encriptado, garantizando que no exponga datos personales directos al ser escaneado por aplicaciones externas.",Not implemented,Fuera del candidato actual,No implementado segun catalogo; requiere aprobacion explicita si se pretende excluir.,,,,No ejecutado,,,Pablo (coordinacion); responsable de dominio pendiente,,Generado desde requirements.json y requirements-catalogue.md; actualizar tras D1.
RF-CRE-002,RF,Debe,student-records,Credenciales,"La credencial física/digital despliega claramente la fotografía, nombre completo, grado, sección y el código QR de verificación del estudiante.",Not implemented,Fuera del candidato actual,No implementado segun catalogo; requiere aprobacion explicita si se pretende excluir.,,,,No ejecutado,,,Pablo (coordinacion); responsable de dominio pendiente,,Generado desde requirements.json y requirements-catalogue.md; actualizar tras D1.
RF-CRE-003,RF,Debe,attendance-capture,Credenciales,El sistema permite definir un período de vigencia para la credencial y la posibilidad de revocarla inmediatamente en caso de extravío o retiro del estudiante.,Not implemented,Fuera del candidato actual,No implementado segun catalogo; requiere aprobacion explicita si se pretende excluir.,,,,No ejecutado,,,Pablo (coordinacion); responsable de dominio pendiente,,Generado desde requirements.json y requirements-catalogue.md; actualizar tras D1.
RF-CRE-004,RF,Debe,attendance-capture,Credenciales,"Al reemitir o reponer una credencial revocada por pérdida, el nuevo código QR se vincula al estudiante sin perder ni alterar el historial previo de marcaciones.",Not implemented,Fuera del candidato actual,No implementado segun catalogo; requiere aprobacion explicita si se pretende excluir.,,,,No ejecutado,,,Pablo (coordinacion); responsable de dominio pendiente,,Generado desde requirements.json y requirements-catalogue.md; actualizar tras D1.
RF-CRE-005,RF,Debe,attendance-capture,Credenciales,La revocación de un identificador de credencial no elimina ni invalida las marcaciones registradas históricamente con dicha credencial.,Not implemented,Fuera del candidato actual,No implementado segun catalogo; requiere aprobacion explicita si se pretende excluir.,,,,No ejecutado,,,Pablo (coordinacion); responsable de dominio pendiente,,Generado desde requirements.json y requirements-catalogue.md; actualizar tras D1.
RF-CRE-006,RF,Debe,attendance-capture,Credenciales,El sistema valida e interpreta el identificador opaco en tiempo real para resolver y mostrar en pantalla los datos del estudiante correspondiente.,Not implemented,Fuera del candidato actual,No implementado segun catalogo; requiere aprobacion explicita si se pretende excluir.,,,,No ejecutado,,,Pablo (coordinacion); responsable de dominio pendiente,,Generado desde requirements.json y requirements-catalogue.md; actualizar tras D1.
RF-CTA-001,RF,Debe,identity-access,Cuentas y Accesos,La alta de cuentas de usuario en el sistema se realiza únicamente por administradores; el autoregistro público está desactivado.,Implemented,Incluido para validacion,Implementado segun catalogo; falta ejecutar evidencia sobre SHA candidato.,,,,No ejecutado,,,Pablo (coordinacion); responsable de dominio pendiente,,Generado desde requirements.json y requirements-catalogue.md; actualizar tras D1.
RF-CTA-002,RF,Debe,people-registry,Cuentas y Accesos,"Toda cuenta de usuario creada debe enlazarse obligatoriamente al expediente de una persona (docente, secretario, tutor) en la base de datos.",In Progress,Incluido condicionado,Requiere cerrar brecha y ejecutar evidencia antes de aceptacion.,,,,No ejecutado,,,Pablo (coordinacion); responsable de dominio pendiente,,Generado desde requirements.json y requirements-catalogue.md; actualizar tras D1.
RF-CTA-003,RF,Debe,identity-access,,,Not implemented,Fuera del candidato actual,No implementado segun catalogo; requiere aprobacion explicita si se pretende excluir.,,,,No ejecutado,,,Pablo (coordinacion); responsable de dominio pendiente,,Generado desde requirements.json y requirements-catalogue.md; actualizar tras D1.
RF-CTA-004,RF,Debe,identity-access,Cuentas y Accesos,"El sistema valida que las contraseñas cumplan reglas de complejidad (ej. longitud mínima, mayúsculas, números y caracteres especiales).",Implemented,Incluido para validacion,Implementado segun catalogo; falta ejecutar evidencia sobre SHA candidato.,,,,No ejecutado,,,Pablo (coordinacion); responsable de dominio pendiente,,Generado desde requirements.json y requirements-catalogue.md; actualizar tras D1.
RF-CTA-005,RF,Debe,identity-access,Cuentas y Accesos,"El administrador puede iniciar el proceso de blanqueo o restablecimiento de contraseña para un usuario, emitiendo un enlace o clave temporal.",Not implemented,Fuera del candidato actual,No implementado segun catalogo; requiere aprobacion explicita si se pretende excluir.,,,,No ejecutado,,,Pablo (coordinacion); responsable de dominio pendiente,,Generado desde requirements.json y requirements-catalogue.md; actualizar tras D1.
RF-CTA-006,RF,Debe,identity-access,Cuentas y Accesos,El sistema deshabilita cuentas en lugar de eliminarlas físicamente para preservar los registros de auditoría e historial institucional.,Not implemented,Fuera del candidato actual,No implementado segun catalogo; requiere aprobacion explicita si se pretende excluir.,,,,No ejecutado,,,Pablo (coordinacion); responsable de dominio pendiente,,Generado desde requirements.json y requirements-catalogue.md; actualizar tras D1.
RF-CTA-007,RF,Debe,identity-access,Cuentas y Accesos,"El sistema impide que un usuario se autoasigne permisos, roles o accesos superiores a los que ya tiene concedidos por su rol.",Implemented,Incluido para validacion,Implementado segun catalogo; falta ejecutar evidencia sobre SHA candidato.,,,,No ejecutado,,,Pablo (coordinacion); responsable de dominio pendiente,,Generado desde requirements.json y requirements-catalogue.md; actualizar tras D1.
RF-DOC-001,RF,Debe,document-management,Documentos y Expedientes,El sistema permite asociar cada archivo subido o documento digital al expediente institucional del estudiante o docente correspondiente.,Implemented,Incluido para validacion,Implementado segun catalogo; falta ejecutar evidencia sobre SHA candidato.,,,,No ejecutado,,,Pablo (coordinacion); responsable de dominio pendiente,,Generado desde requirements.json y requirements-catalogue.md; actualizar tras D1.
RF-DOC-002,RF,Debe,document-management,Documentos y Expedientes,"El sistema administra un catálogo parametrizable de categorías documentales (ej. Fe de Bautismo, Certificado Médico, DPI Encargado).",Implemented,Incluido para validacion,Implementado segun catalogo; falta ejecutar evidencia sobre SHA candidato.,,,,No ejecutado,,,Pablo (coordinacion); responsable de dominio pendiente,,Generado desde requirements.json y requirements-catalogue.md; actualizar tras D1.
RF-DOC-003,RF,Debe,enrollment-lifecycle,Documentos y Expedientes,El sistema permite especificar la lista de verificación de requisitos documentales obligatorios requeridos durante la fase de inscripción o matrícula.,Implemented,Incluido para validacion,Implementado segun catalogo; falta ejecutar evidencia sobre SHA candidato.,,,,No ejecutado,,,Pablo (coordinacion); responsable de dominio pendiente,,Generado desde requirements.json y requirements-catalogue.md; actualizar tras D1.
RF-DOC-004,RF,Debe,identity-access,Documentos y Expedientes,El acceso y consulta a los expedientes documentales se restringe estrictamente según el rol y el ámbito de responsabilidad asignado al usuario.,Implemented,Incluido para validacion,Implementado segun catalogo; falta ejecutar evidencia sobre SHA candidato.,,,,No ejecutado,,,Pablo (coordinacion); responsable de dominio pendiente,,Generado desde requirements.json y requirements-catalogue.md; actualizar tras D1.
RF-DOC-005,RF,Debe,document-management,Documentos y Expedientes,El sistema habilita la descarga de expedientes o archivos adjuntos únicamente a usuarios autenticados que dispongan de los permisos requeridos.,Implemented,Incluido para validacion,Implementado segun catalogo; falta ejecutar evidencia sobre SHA candidato.,,,,No ejecutado,,,Pablo (coordinacion); responsable de dominio pendiente,,Generado desde requirements.json y requirements-catalogue.md; actualizar tras D1.
RF-DOC-006,RF,Debe,audit-compliance,Documentos y Expedientes,"El sistema registra en la bitácora de auditoría cada evento de consulta, visualización o descarga de un documento confidencial.",Implemented,Incluido para validacion,Implementado segun catalogo; falta ejecutar evidencia sobre SHA candidato.,,,,No ejecutado,,,Pablo (coordinacion); responsable de dominio pendiente,,Generado desde requirements.json y requirements-catalogue.md; actualizar tras D1.
RF-DOC-007,RF,Deberia,document-management,Documentos y Expedientes,El sistema permite cargar archivos PDF o imágenes capturados directamente desde periféricos de digitalización de forma directa al expediente.,Not implemented,Fuera del candidato actual,No implementado segun catalogo; requiere aprobacion explicita si se pretende excluir.,,,,No ejecutado,,,Pablo (coordinacion); responsable de dominio pendiente,,Generado desde requirements.json y requirements-catalogue.md; actualizar tras D1.
RF-DOC-008,RF,Debe,document-generation,Documentos y Expedientes,Los reportes dinámicos o certificados generados en PDF bajo demanda por el sistema se compilan en tiempo real y no se almacenan en disco innecesariamente.,Implemented,Incluido para validacion,Implementado segun catalogo; falta ejecutar evidencia sobre SHA candidato.,,,,No ejecutado,,,Pablo (coordinacion); responsable de dominio pendiente,,Generado desde requirements.json y requirements-catalogue.md; actualizar tras D1.
RF-DOC-009,RF,Debe,document-management,Documentos y Expedientes,El sistema ofrece una vista consolidada para consultar el expediente digital completo del estudiante con todos sus adjuntos e historial institucional.,Implemented,Incluido para validacion,Implementado segun catalogo; falta ejecutar evidencia sobre SHA candidato.,,,,No ejecutado,,,Pablo (coordinacion); responsable de dominio pendiente,,Generado desde requirements.json y requirements-catalogue.md; actualizar tras D1.
RF-DOC-010,RF,Debe,document-management,Documentos y Expedientes,"Al actualizar los datos de un estudiante o reasignar su sección, los enlaces y vínculos a sus documentos históricos permanecen intactos.",Implemented,Incluido para validacion,Implementado segun catalogo; falta ejecutar evidencia sobre SHA candidato.,,,,No ejecutado,,,Pablo (coordinacion); responsable de dominio pendiente,,Generado desde requirements.json y requirements-catalogue.md; actualizar tras D1.
RF-EMI-001,RF,Debe,document-generation,Emisión de Documentos,"El sistema permite generar e imprimir de forma individual constancias, certificados y boletas de calificaciones para un estudiante seleccionado.",Implemented,Incluido para validacion,Implementado segun catalogo; falta ejecutar evidencia sobre SHA candidato.,,,,No ejecutado,,,Pablo (coordinacion); responsable de dominio pendiente,,Generado desde requirements.json y requirements-catalogue.md; actualizar tras D1.
RF-EMI-002,RF,Debe,document-generation,Emisión de Documentos,Todo documento oficial impreso o exportado por el sistema incluye la fecha y hora exacta en la que se realizó la impresión.,Implemented,Incluido para validacion,Implementado segun catalogo; falta ejecutar evidencia sobre SHA candidato.,,,,No ejecutado,,,Pablo (coordinacion); responsable de dominio pendiente,,Generado desde requirements.json y requirements-catalogue.md; actualizar tras D1.
RF-EMI-003,RF,Debe,document-generation,Emisión de Documentos,El sistema asigna un número de folio o correlativo único e incremental a cada documento oficial emitido por la institución.,Implemented,Incluido para validacion,Implementado segun catalogo; falta ejecutar evidencia sobre SHA candidato.,,,,No ejecutado,,,Pablo (coordinacion); responsable de dominio pendiente,,Generado desde requirements.json y requirements-catalogue.md; actualizar tras D1.
RF-EMI-004,RF,Deberia,document-generation,Emisión de Documentos,El sistema valida la solvencia administrativa o estado del expediente antes de autorizar la emisión de certificaciones oficiales.,Not implemented,Fuera del candidato actual,No implementado segun catalogo; requiere aprobacion explicita si se pretende excluir.,,,,No ejecutado,,,Pablo (coordinacion); responsable de dominio pendiente,,Generado desde requirements.json y requirements-catalogue.md; actualizar tras D1.
RF-EMI-005,RF,Debe,document-generation,Emisión de Documentos,El sistema permite emitir boletas de calificaciones y certificados de ciclos lectivos pasados sin alterar la información histórica guardada.,Not implemented,Fuera del candidato actual,No implementado segun catalogo; requiere aprobacion explicita si se pretende excluir.,,,,No ejecutado,,,Pablo (coordinacion); responsable de dominio pendiente,,Generado desde requirements.json y requirements-catalogue.md; actualizar tras D1.
RF-EMI-006,RF,Debe,document-generation,Emisión de Documentos,El sistema permite la generación masiva e impresión en bloque de boletas o documentos para toda una sección o grado completo.,Not implemented,Fuera del candidato actual,No implementado segun catalogo; requiere aprobacion explicita si se pretende excluir.,,,,No ejecutado,,,Pablo (coordinacion); responsable de dominio pendiente,,Generado desde requirements.json y requirements-catalogue.md; actualizar tras D1.
RF-EMI-007,RF,Deberia,audit-compliance,Emisión de Documentos,"El sistema almacena una bitácora con el historial de documentos emitidos, indicando usuario, fecha, tipo de documento y estudiante.",Not implemented,Fuera del candidato actual,No implementado segun catalogo; requiere aprobacion explicita si se pretende excluir.,,,,No ejecutado,,,Pablo (coordinacion); responsable de dominio pendiente,,Generado desde requirements.json y requirements-catalogue.md; actualizar tras D1.
RF-EMI-008,RF,Deberia,document-generation,Emisión de Documentos,El sistema permite registrar la constancia o acuse de entrega del documento impreso al padre de familia o encargado.,Not implemented,Fuera del candidato actual,No implementado segun catalogo; requiere aprobacion explicita si se pretende excluir.,,,,No ejecutado,,,Pablo (coordinacion); responsable de dominio pendiente,,Generado desde requirements.json y requirements-catalogue.md; actualizar tras D1.
RF-EMI-009,RF,Podria,document-generation,Emisión de Documentos,El sistema imprime un código de verificación (QR o hash) en los documentos emitidos para validar su autenticidad de forma pública.,Not implemented,Fuera del candidato actual,No implementado segun catalogo; requiere aprobacion explicita si se pretende excluir.,,,,No ejecutado,,,Pablo (coordinacion); responsable de dominio pendiente,,Generado desde requirements.json y requirements-catalogue.md; actualizar tras D1.
RF-EST-001,RF,Debe,institutional-structure,Estructura Académica,"El sistema gestiona la lista de grados o niveles educativos que ofrece la institución (ej. Primero Primaria, Primero Básico).",Not implemented,Fuera del candidato actual,No implementado segun catalogo; requiere aprobacion explicita si se pretende excluir.,,,,No ejecutado,,,Pablo (coordinacion); responsable de dominio pendiente,,Generado desde requirements.json y requirements-catalogue.md; actualizar tras D1.
RF-EST-002,RF,Debe,institutional-structure,Estructura Académica,"El sistema parametriza las jornadas educativas habilitadas en el centro (ej. Matutina, Vespertina).",Implemented,Incluido para validacion,Implementado segun catalogo; falta ejecutar evidencia sobre SHA candidato.,,,,No ejecutado,,,Pablo (coordinacion); responsable de dominio pendiente,,Generado desde requirements.json y requirements-catalogue.md; actualizar tras D1.
RF-EST-003,RF,Debe,institutional-structure,Estructura Académica,El sistema gestiona las materias o subáreas curriculares que forman parte del plan de estudios oficial para el ciclo.,Not implemented,Fuera del candidato actual,No implementado segun catalogo; requiere aprobacion explicita si se pretende excluir.,,,,No ejecutado,,,Pablo (coordinacion); responsable de dominio pendiente,,Generado desde requirements.json y requirements-catalogue.md; actualizar tras D1.
RF-EST-004,RF,Podria,institutional-structure,,,Not implemented,Fuera del candidato actual,No implementado segun catalogo; requiere aprobacion explicita si se pretende excluir.,,,,No ejecutado,,,Pablo (coordinacion); responsable de dominio pendiente,,Generado desde requirements.json y requirements-catalogue.md; actualizar tras D1.
RF-EST-005,RF,Debe,institutional-structure,Estructura Académica,El sistema define la asignación de las subáreas que corresponden a cada grado dentro de un ciclo escolar determinado.,Not implemented,Fuera del candidato actual,No implementado segun catalogo; requiere aprobacion explicita si se pretende excluir.,,,,No ejecutado,,,Pablo (coordinacion); responsable de dominio pendiente,,Generado desde requirements.json y requirements-catalogue.md; actualizar tras D1.
RF-EST-006,RF,Deberia,institutional-structure,Estructura Académica,El sistema establece la cantidad de períodos o horas semanales destinadas a cada subárea dentro del plan de estudios.,Implemented,Incluido para validacion,Implementado segun catalogo; falta ejecutar evidencia sobre SHA candidato.,,,,No ejecutado,,,Pablo (coordinacion); responsable de dominio pendiente,,Generado desde requirements.json y requirements-catalogue.md; actualizar tras D1.
RF-EST-007,RF,Debe,institutional-structure,Estructura Académica,"El sistema permite subdividir un grado en distintas secciones (ej. Sección ""A"", ""B"") para agrupar a los estudiantes.",Not implemented,Fuera del candidato actual,No implementado segun catalogo; requiere aprobacion explicita si se pretende excluir.,,,,No ejecutado,,,Pablo (coordinacion); responsable de dominio pendiente,,Generado desde requirements.json y requirements-catalogue.md; actualizar tras D1.
RF-EST-008,RF,Debe,enrollment-lifecycle,Estructura Académica,El sistema define el cupo máximo por sección y muestra en tiempo real la cantidad de vacantes disponibles y utilizadas.,Not implemented,Fuera del candidato actual,No implementado segun catalogo; requiere aprobacion explicita si se pretende excluir.,,,,No ejecutado,,,Pablo (coordinacion); responsable de dominio pendiente,,Generado desde requirements.json y requirements-catalogue.md; actualizar tras D1.
RF-EST-009,RF,Debe,institutional-structure,Estructura Académica,El sistema asigna formalmente a un docente como titular o responsable del impartimiento de una subárea en una sección específica.,Implemented,Incluido para validacion,Implementado segun catalogo; falta ejecutar evidencia sobre SHA candidato.,,,,No ejecutado,,,Pablo (coordinacion); responsable de dominio pendiente,,Generado desde requirements.json y requirements-catalogue.md; actualizar tras D1.
RF-EST-010,RF,Deberia,school-cycle,Estructura Académica,El sistema verifica que todas las subáreas de las secciones configuradas tengan asignado un docente antes de permitir la activación del ciclo.,Not implemented,Fuera del candidato actual,No implementado segun catalogo; requiere aprobacion explicita si se pretende excluir.,,,,No ejecutado,,,Pablo (coordinacion); responsable de dominio pendiente,,Generado desde requirements.json y requirements-catalogue.md; actualizar tras D1.
RF-EST-011,RF,Debe,school-cycle,Estructura Académica,El sistema permite modificar la estructura (grados/secciones) únicamente cuando el ciclo está en estado de planificación.,Not implemented,Fuera del candidato actual,No implementado segun catalogo; requiere aprobacion explicita si se pretende excluir.,,,,No ejecutado,,,Pablo (coordinacion); responsable de dominio pendiente,,Generado desde requirements.json y requirements-catalogue.md; actualizar tras D1.
RF-EST-012,RF,Deberia,institutional-structure,Estructura Académica,El sistema inhabilita o desactiva elementos de la estructura académica en desuso en lugar de eliminarlos para preservar la integridad referencial.,Implemented,Incluido para validacion,Implementado segun catalogo; falta ejecutar evidencia sobre SHA candidato.,,,,No ejecutado,,,Pablo (coordinacion); responsable de dominio pendiente,,Generado desde requirements.json y requirements-catalogue.md; actualizar tras D1.
RF-EST-013,RF,Debe,school-cycle,Estructura Académica,Las modificaciones en la estructura de un ciclo activo no alteran la configuración o registros de ciclos académicos anteriores.,Not implemented,Fuera del candidato actual,No implementado segun catalogo; requiere aprobacion explicita si se pretende excluir.,,,,No ejecutado,,,Pablo (coordinacion); responsable de dominio pendiente,,Generado desde requirements.json y requirements-catalogue.md; actualizar tras D1.
RF-EVC-001,RF,Debe,academic-evaluation,,,Not implemented,Fuera del candidato actual,No implementado segun catalogo; requiere aprobacion explicita si se pretende excluir.,,,,No ejecutado,,,Pablo (coordinacion); responsable de dominio pendiente,,Generado desde requirements.json y requirements-catalogue.md; actualizar tras D1.
RF-EVC-002,RF,Debe,academic-evaluation,Evaluación y Calendario,"El sistema habilita fechas de inicio y cierre (ventanas) para que los docentes ingresen notas; vencido el plazo, la captura se bloquea automáticamente.",Not implemented,Fuera del candidato actual,No implementado segun catalogo; requiere aprobacion explicita si se pretende excluir.,,,,No ejecutado,,,Pablo (coordinacion); responsable de dominio pendiente,,Generado desde requirements.json y requirements-catalogue.md; actualizar tras D1.
RF-EVC-003,RF,Debe,academic-evaluation,Evaluación y Calendario,El sistema administra un período de tiempo delimitado para la asignación y registro de notas derivadas de evaluaciones de recuperación.,Not implemented,Fuera del candidato actual,No implementado segun catalogo; requiere aprobacion explicita si se pretende excluir.,,,,No ejecutado,,,Pablo (coordinacion); responsable de dominio pendiente,,Generado desde requirements.json y requirements-catalogue.md; actualizar tras D1.
RF-EVC-004,RF,Deberia,academic-evaluation,Evaluación y Calendario,El sistema permite a la dirección otorgar prórrogas o aperturas excepcionales de ventana de captura a docentes específicos de forma auditada.,Not implemented,Fuera del candidato actual,No implementado segun catalogo; requiere aprobacion explicita si se pretende excluir.,,,,No ejecutado,,,Pablo (coordinacion); responsable de dominio pendiente,,Generado desde requirements.json y requirements-catalogue.md; actualizar tras D1.
RF-EVC-005,RF,Deberia,academic-evaluation,Evaluación y Calendario,"El sistema establece un calendario evaluativo base aplicable a todos los grados, permitiendo ajustes específicos cuando la normativa lo requiera.",Not implemented,Fuera del candidato actual,No implementado segun catalogo; requiere aprobacion explicita si se pretende excluir.,,,,No ejecutado,,,Pablo (coordinacion); responsable de dominio pendiente,,Generado desde requirements.json y requirements-catalogue.md; actualizar tras D1.
RF-EVC-006,RF,Podria,academic-evaluation,Evaluación y Calendario,El sistema permite replicar la estructura de unidades y parámetros evaluativos de un ciclo previo como base para un nuevo ciclo lectivo.,Implemented,Incluido para validacion,Implementado segun catalogo; falta ejecutar evidencia sobre SHA candidato.,,,,No ejecutado,,,Pablo (coordinacion); responsable de dominio pendiente,,Generado desde requirements.json y requirements-catalogue.md; actualizar tras D1.
RF-EVC-007,RF,Debe,academic-evaluation,Evaluación y Calendario,"El sistema gestiona los estados de cada unidad (ej. Pendiente, En captura, CERRADA), impidiendo alteraciones cuando la unidad alcanza el estado cerrado.",Implemented,Incluido para validacion,Implementado segun catalogo; falta ejecutar evidencia sobre SHA candidato.,,,,No ejecutado,,,Pablo (coordinacion); responsable de dominio pendiente,,Generado desde requirements.json y requirements-catalogue.md; actualizar tras D1.
RF-EXP-001,RF,Debe,student-records,Expediente del Estudiante,"El sistema permite registrar los datos personales, demográficos e identificación básica del estudiante en su expediente digital.",Implemented,Incluido para validacion,Implementado segun catalogo; falta ejecutar evidencia sobre SHA candidato.,,,,No ejecutado,,,Pablo (coordinacion); responsable de dominio pendiente,,Generado desde requirements.json y requirements-catalogue.md; actualizar tras D1.
RF-EXP-002,RF,Debe,student-records,Expediente del Estudiante,El sistema genera o valida un identificador o código ministerial/institucional único e irrepetible para cada estudiante.,Implemented,Incluido para validacion,Implementado segun catalogo; falta ejecutar evidencia sobre SHA candidato.,,,,No ejecutado,,,Pablo (coordinacion); responsable de dominio pendiente,,Generado desde requirements.json y requirements-catalogue.md; actualizar tras D1.
RF-EXP-003,RF,Debe,student-records,Expediente del Estudiante,"El sistema gestiona los distintos estados de permanencia del estudiante (ej. Activo, Inactivo, Retirado, Graduado) restringiendo operaciones según corresponda.",Implemented,Incluido para validacion,Implementado segun catalogo; falta ejecutar evidencia sobre SHA candidato.,,,,No ejecutado,,,Pablo (coordinacion); responsable de dominio pendiente,,Generado desde requirements.json y requirements-catalogue.md; actualizar tras D1.
RF-EXP-004,RF,Debe,student-records,Expediente del Estudiante,El sistema permite asociar uno o varios padres de familia o encargados legales al expediente del estudiante especificando el tipo de parentesco.,Implemented,Incluido para validacion,Implementado segun catalogo; falta ejecutar evidencia sobre SHA candidato.,,,,No ejecutado,,,Pablo (coordinacion); responsable de dominio pendiente,,Generado desde requirements.json y requirements-catalogue.md; actualizar tras D1.
RF-EXP-005,RF,Debe,student-records,Expediente del Estudiante,"El sistema permite registrar datos de contacto alternativos (nombre, teléfono y relación) para casos de emergencia.",Implemented,Incluido para validacion,Implementado segun catalogo; falta ejecutar evidencia sobre SHA candidato.,,,,No ejecutado,,,Pablo (coordinacion); responsable de dominio pendiente,,Generado desde requirements.json y requirements-catalogue.md; actualizar tras D1.
RF-EXP-006,RF,Deberia,student-records,Expediente del Estudiante,"El sistema permite registrar anotaciones de conducta u observaciones pedagógicas con fecha, autor y descripción dentro del expediente.",In Progress,Incluido condicionado,Requiere cerrar brecha y ejecutar evidencia antes de aceptacion.,,,,No ejecutado,,,Pablo (coordinacion); responsable de dominio pendiente,,Generado desde requirements.json y requirements-catalogue.md; actualizar tras D1.
RF-EXP-007,RF,Debe,student-records,Expediente del Estudiante,El sistema permite cargar y visualizar una imagen fotográfica del perfil del estudiante para fines de identificación institucional.,Implemented,Incluido para validacion,Implementado segun catalogo; falta ejecutar evidencia sobre SHA candidato.,,,,No ejecutado,,,Pablo (coordinacion); responsable de dominio pendiente,,Generado desde requirements.json y requirements-catalogue.md; actualizar tras D1.
RF-EXP-008,RF,Debe,student-records,Expediente del Estudiante,El sistema mantiene inalterable e histórico el expediente del alumno sin permitir eliminaciones físicas que destruyan el historial académico.,Implemented,Incluido para validacion,Implementado segun catalogo; falta ejecutar evidencia sobre SHA candidato.,,,,No ejecutado,,,Pablo (coordinacion); responsable de dominio pendiente,,Generado desde requirements.json y requirements-catalogue.md; actualizar tras D1.
RF-EXP-009,RF,Deberia,student-records,Expediente del Estudiante,"El sistema permite registrar información relevante sobre alergias, padecimientos o condiciones médicas con acceso restringido por privacidad.",Implemented,Incluido para validacion,Implementado segun catalogo; falta ejecutar evidencia sobre SHA candidato.,,,,No ejecutado,,,Pablo (coordinacion); responsable de dominio pendiente,,Generado desde requirements.json y requirements-catalogue.md; actualizar tras D1.
RF-HOR-001,RF,Debe,institutional-structure,Horarios,El sistema estructura la cuadrícula de períodos de clase definiendo hora de inicio y fin para cada bloque dentro de la jornada escolar.,Implemented,Incluido para validacion,Implementado segun catalogo; falta ejecutar evidencia sobre SHA candidato.,,,,No ejecutado,,,Pablo (coordinacion); responsable de dominio pendiente,,Generado desde requirements.json y requirements-catalogue.md; actualizar tras D1.
RF-HOR-002,RF,Debe,attendance-governance,Horarios,El módulo de horarios administra únicamente períodos lectivos de clase y no interfiere con las ventanas operativas del control de ingreso.,Implemented,Incluido para validacion,Implementado segun catalogo; falta ejecutar evidencia sobre SHA candidato.,,,,No ejecutado,,,Pablo (coordinacion); responsable de dominio pendiente,,Generado desde requirements.json y requirements-catalogue.md; actualizar tras D1.
RF-HOR-003,RF,Debe,institutional-structure,Horarios,"El sistema permite agendar las sesiones de clase asociando una subárea, sección, día de la semana y bloque de horario específico.",Implemented,Incluido para validacion,Implementado segun catalogo; falta ejecutar evidencia sobre SHA candidato.,,,,No ejecutado,,,Pablo (coordinacion); responsable de dominio pendiente,,Generado desde requirements.json y requirements-catalogue.md; actualizar tras D1.
RF-HOR-004,RF,Debe,institutional-structure,Horarios,El sistema asigna automáticamente al docente responsable de la sesión de clase basándose en la estructuración de la carga académica previa.,Implemented,Incluido para validacion,Implementado segun catalogo; falta ejecutar evidencia sobre SHA candidato.,,,,No ejecutado,,,Pablo (coordinacion); responsable de dominio pendiente,,Generado desde requirements.json y requirements-catalogue.md; actualizar tras D1.
RF-HOR-005,RF,Debe,institutional-structure,Horarios,El sistema bloquea el registro e informa el conflicto cuando se intenta programar dos clases para la misma sección o aula en el mismo bloque.,Partially implemented,Pendiente de clasificacion,No se encontro estado confiable en catalogo; revisar en D1.,,,,No ejecutado,,,Pablo (coordinacion); responsable de dominio pendiente,,Generado desde requirements.json y requirements-catalogue.md; actualizar tras D1.
RF-HOR-006,RF,Deberia,institutional-structure,Horarios,El sistema detecta y notifica de inmediato si un docente resulta programado en dos secciones distintas dentro del mismo bloque de horario.,Not implemented,Fuera del candidato actual,No implementado segun catalogo; requiere aprobacion explicita si se pretende excluir.,,,,No ejecutado,,,Pablo (coordinacion); responsable de dominio pendiente,,Generado desde requirements.json y requirements-catalogue.md; actualizar tras D1.
RF-HOR-007,RF,Deberia,institutional-structure,Horarios,El sistema verifica que el total de períodos agendados semanalmente para una subárea coincida con la carga horaria del plan de estudios.,Not implemented,Fuera del candidato actual,No implementado segun catalogo; requiere aprobacion explicita si se pretende excluir.,,,,No ejecutado,,,Pablo (coordinacion); responsable de dominio pendiente,,Generado desde requirements.json y requirements-catalogue.md; actualizar tras D1.
RF-HOR-008,RF,Deberia,institutional-structure,Horarios,El sistema permite fijar una fecha de inicio de vigencia para los horarios de clase ante reestructuraciones a mitad de ciclo.,Not implemented,Fuera del candidato actual,No implementado segun catalogo; requiere aprobacion explicita si se pretende excluir.,,,,No ejecutado,,,Pablo (coordinacion); responsable de dominio pendiente,,Generado desde requirements.json y requirements-catalogue.md; actualizar tras D1.
RF-HOR-009,RF,Debe,institutional-structure,Horarios,"El horario de clases es visible para docentes, estudiantes y padres de familia únicamente tras ser publicado oficialmente por la dirección.",Implemented,Incluido para validacion,Implementado segun catalogo; falta ejecutar evidencia sobre SHA candidato.,,,,No ejecutado,,,Pablo (coordinacion); responsable de dominio pendiente,,Generado desde requirements.json y requirements-catalogue.md; actualizar tras D1.
RF-HOR-010,RF,Debe,identity-access,Horarios,El sistema muestra a cada usuario una vista personalizada de su horario semanal acorde a sus asignaciones o tutela.,Implemented,Incluido para validacion,Implementado segun catalogo; falta ejecutar evidencia sobre SHA candidato.,,,,No ejecutado,,,Pablo (coordinacion); responsable de dominio pendiente,,Generado desde requirements.json y requirements-catalogue.md; actualizar tras D1.
RF-HOR-011,RF,Podria,institutional-structure,Horarios,El sistema permite copiar la distribución de bloques de un horario existente hacia otra sección con similar plan de estudios.,Not implemented,Fuera del candidato actual,No implementado segun catalogo; requiere aprobacion explicita si se pretende excluir.,,,,No ejecutado,,,Pablo (coordinacion); responsable de dominio pendiente,,Generado desde requirements.json y requirements-catalogue.md; actualizar tras D1.
RF-JOR-001,RF,Debe,attendance-governance,Jornada Diaria y Estados,El sistema debe determinar la ventana operativa diaria habilitada para la recepción de eventos según el calendario institucional.,Not implemented,Fuera del candidato actual,No implementado segun catalogo; requiere aprobacion explicita si se pretende excluir.,,,,No ejecutado,,,Pablo (coordinacion); responsable de dominio pendiente,,Generado desde requirements.json y requirements-catalogue.md; actualizar tras D1.
RF-JOR-002,RF,Debe,attendance-governance,Jornada Diaria y Estados,El sistema evalúa la hora de ingreso registrada frente al horario oficial para clasificar automáticamente la asistencia en puntual o tardía.,Not implemented,Fuera del candidato actual,No implementado segun catalogo; requiere aprobacion explicita si se pretende excluir.,,,,No ejecutado,,,Pablo (coordinacion); responsable de dominio pendiente,,Generado desde requirements.json y requirements-catalogue.md; actualizar tras D1.
RF-JOR-003,RF,Debe,attendance-governance,Jornada Diaria y Estados,"El sistema consolida el estado final de la jornada aplicando el orden de precedencia establecido entre escaneos, registros manuales y cierres declarados.",Not implemented,Fuera del candidato actual,No implementado segun catalogo; requiere aprobacion explicita si se pretende excluir.,,,,No ejecutado,,,Pablo (coordinacion); responsable de dominio pendiente,,Generado desde requirements.json y requirements-catalogue.md; actualizar tras D1.
RF-JOR-004,RF,Debe,attendance-governance,Jornada Diaria y Estados,Ningún evento registrado de la jornada se sobrescribe o elimina; las reevaluaciones generan un nuevo estado auditable conservando la trazabilidad anterior.,Not implemented,Fuera del candidato actual,No implementado segun catalogo; requiere aprobacion explicita si se pretende excluir.,,,,No ejecutado,,,Pablo (coordinacion); responsable de dominio pendiente,,Generado desde requirements.json y requirements-catalogue.md; actualizar tras D1.
RF-JOR-005,RF,Deberia,attendance-governance,Jornada Diaria y Estados,El sistema identifica y registra desacuerdos o inconsistencias entre marcaciones de distintas fuentes para su revisión sin sobrescribir la historia original.,Not implemented,Fuera del candidato actual,No implementado segun catalogo; requiere aprobacion explicita si se pretende excluir.,,,,No ejecutado,,,Pablo (coordinacion); responsable de dominio pendiente,,Generado desde requirements.json y requirements-catalogue.md; actualizar tras D1.
RF-JOR-006,RF,Deberia,attendance-governance,Jornada Diaria y Estados,"Ante la aprobación de una justificación o corrección autorizada, el sistema recalcula automáticamente el estado diario conservando la trazabilidad.",Not implemented,Fuera del candidato actual,No implementado segun catalogo; requiere aprobacion explicita si se pretende excluir.,,,,No ejecutado,,,Pablo (coordinacion); responsable de dominio pendiente,,Generado desde requirements.json y requirements-catalogue.md; actualizar tras D1.
RF-JOR-007,RF,Debe,reporting-notifications,Jornada Diaria y Estados,El padre recibe una notificación cuando su hijo registra una inasistencia.,Not implemented,Fuera del candidato actual,No implementado segun catalogo; requiere aprobacion explicita si se pretende excluir.,,,,No ejecutado,,,Pablo (coordinacion); responsable de dominio pendiente,,Generado desde requirements.json y requirements-catalogue.md; actualizar tras D1.
RF-JOR-008,RF,Debe,attendance-governance,Jornada Diaria y Estados,El sistema muestra el horario activo con el aula asignada a cada docente por período para consultar la ubicación en tiempo real.,Not implemented,Fuera del candidato actual,No implementado segun catalogo; requiere aprobacion explicita si se pretende excluir.,,,,No ejecutado,,,Pablo (coordinacion); responsable de dominio pendiente,,Generado desde requirements.json y requirements-catalogue.md; actualizar tras D1.
RF-JOR-009,RF,Debe,attendance-governance,Jornada Diaria y Estados,El sistema calcula automáticamente el porcentaje de asistencia acumulado por estudiante durante el ciclo escolar para reportes institucionales.,Not implemented,Fuera del candidato actual,No implementado segun catalogo; requiere aprobacion explicita si se pretende excluir.,,,,No ejecutado,,,Pablo (coordinacion); responsable de dominio pendiente,,Generado desde requirements.json y requirements-catalogue.md; actualizar tras D1.
RF-JOR-010,RF,Deberia,attendance-governance,,,Not implemented,Fuera del candidato actual,No implementado segun catalogo; requiere aprobacion explicita si se pretende excluir.,,,,No ejecutado,,,Pablo (coordinacion); responsable de dominio pendiente,,Generado desde requirements.json y requirements-catalogue.md; actualizar tras D1.
RF-JOR-011,RF,Deberia,attendance-governance,Jornada Diaria y Estados,El sistema despliega notas y advertencias sobre el carácter informativo o reglamentario del porcentaje de asistencia al generar reportes.,Not implemented,Fuera del candidato actual,No implementado segun catalogo; requiere aprobacion explicita si se pretende excluir.,,,,No ejecutado,,,Pablo (coordinacion); responsable de dominio pendiente,,Generado desde requirements.json y requirements-catalogue.md; actualizar tras D1.
RF-JUS-001,RF,Debe,attendance-governance,Justificaciones de Inasistencia,El padre puede ingresar una justificación indicando la fecha de ausencia y el motivo. El padre puede adjuntar documentos de respaldo (constancia médica u otro). El sistema notifica al docente correspondiente al enviar la justificación.,Not implemented,Fuera del candidato actual,No implementado segun catalogo; requiere aprobacion explicita si se pretende excluir.,,,,No ejecutado,,,Pablo (coordinacion); responsable de dominio pendiente,,Generado desde requirements.json y requirements-catalogue.md; actualizar tras D1.
RF-JUS-002,RF,Debe,identity-access,Justificaciones de Inasistencia,El padre de familia o encargado solo puede enviar y consultar solicitudes de justificación asociadas a los estudiantes bajo su tutela explícitamente registrados.,Not implemented,Fuera del candidato actual,No implementado segun catalogo; requiere aprobacion explicita si se pretende excluir.,,,,No ejecutado,,,Pablo (coordinacion); responsable de dominio pendiente,,Generado desde requirements.json y requirements-catalogue.md; actualizar tras D1.
RF-JUS-003,RF,Deberia,attendance-governance,Justificaciones de Inasistencia,El padre de familia puede enviar la justificación directamente desde la plataforma dentro de la ventana de tiempo o plazo estipulado por la normativa institucional.,Not implemented,Fuera del candidato actual,No implementado segun catalogo; requiere aprobacion explicita si se pretende excluir.,,,,No ejecutado,,,Pablo (coordinacion); responsable de dominio pendiente,,Generado desde requirements.json y requirements-catalogue.md; actualizar tras D1.
RF-JUS-004,RF,Debe,attendance-governance,Justificaciones de Inasistencia,"El sistema notifica al docente cuando un padre envía una justificación. La justificación puede incluir texto y documentos adjuntos (por ejemplo, constancia médica). El docente puede aprobar o rechazar la justificación y el estado queda registrado.",Not implemented,Fuera del candidato actual,No implementado segun catalogo; requiere aprobacion explicita si se pretende excluir.,,,,No ejecutado,,,Pablo (coordinacion); responsable de dominio pendiente,,Generado desde requirements.json y requirements-catalogue.md; actualizar tras D1.
RF-JUS-005,RF,Debe,attendance-governance,Justificaciones de Inasistencia,El sistema actualiza automáticamente el registro y estado de asistencia si la justificación es aprobada. El padre de familia puede consultar en el historial si la ausencia fue justificada o no.,Not implemented,Fuera del candidato actual,No implementado segun catalogo; requiere aprobacion explicita si se pretende excluir.,,,,No ejecutado,,,Pablo (coordinacion); responsable de dominio pendiente,,Generado desde requirements.json y requirements-catalogue.md; actualizar tras D1.
RF-JUS-006,RF,Deberia,reporting-notifications,Justificaciones de Inasistencia,El sistema envía una notificación automática al encargado informando la resolución (aprobada o rechazada) emitida por el docente o autoridad.,Not implemented,Fuera del candidato actual,No implementado segun catalogo; requiere aprobacion explicita si se pretende excluir.,,,,No ejecutado,,,Pablo (coordinacion); responsable de dominio pendiente,,Generado desde requirements.json y requirements-catalogue.md; actualizar tras D1.
RF-JUS-007,RF,Debe,document-management,Justificaciones de Inasistencia,"Los documentos adjuntos a las solicitudes de justificación sólo son accesibles para los usuarios autorizados (docentes a cargo, encargados y administradores), garantizando la protección de datos personales y médicos.",Not implemented,Fuera del candidato actual,No implementado segun catalogo; requiere aprobacion explicita si se pretende excluir.,,,,No ejecutado,,,Pablo (coordinacion); responsable de dominio pendiente,,Generado desde requirements.json y requirements-catalogue.md; actualizar tras D1.
RF-JUS-008,RF,Podria,attendance-governance,Justificaciones de Inasistencia,"El encargado puede registrar una solicitud anticipada para el retiro antes del horario habitual o ingreso tardío del estudiante, indicando la fecha y justificación previa.",Not implemented,Fuera del candidato actual,No implementado segun catalogo; requiere aprobacion explicita si se pretende excluir.,,,,No ejecutado,,,Pablo (coordinacion); responsable de dominio pendiente,,Generado desde requirements.json y requirements-catalogue.md; actualizar tras D1.
RF-JUS-009,RF,Podria,attendance-governance,Justificaciones de Inasistencia,"Al contar con un permiso prospectivo aprobado, el sistema ajusta la evaluación automática de la jornada evitando marcar la falta como inasistencia injustificada al momento del cierre de sesión o periodo.",Not implemented,Fuera del candidato actual,No implementado segun catalogo; requiere aprobacion explicita si se pretende excluir.,,,,No ejecutado,,,Pablo (coordinacion); responsable de dominio pendiente,,Generado desde requirements.json y requirements-catalogue.md; actualizar tras D1.
RF-MAT-001,RF,Debe,enrollment-lifecycle,Matrícula e Inscripciones,"El sistema registra cada inscripción asociándola a un ciclo escolar, grado y sección específicos con fechas claras de vigencia.",Not implemented,Fuera del candidato actual,No implementado segun catalogo; requiere aprobacion explicita si se pretende excluir.,,,,No ejecutado,,,Pablo (coordinacion); responsable de dominio pendiente,,Generado desde requirements.json y requirements-catalogue.md; actualizar tras D1.
RF-MAT-002,RF,Debe,enrollment-lifecycle,Matrícula e Inscripciones,"El sistema procesa la matrícula de un estudiante nuevo vinculándolo a su grado, jornada y sección asignada.",Not implemented,Fuera del candidato actual,No implementado segun catalogo; requiere aprobacion explicita si se pretende excluir.,,,,No ejecutado,,,Pablo (coordinacion); responsable de dominio pendiente,,Generado desde requirements.json y requirements-catalogue.md; actualizar tras D1.
RF-MAT-003,RF,Debe,enrollment-lifecycle,Matrícula e Inscripciones,El sistema permite reinscribir alumnos para un nuevo ciclo reutilizando automáticamente la información existente en su expediente base.,Not implemented,Fuera del candidato actual,No implementado segun catalogo; requiere aprobacion explicita si se pretende excluir.,,,,No ejecutado,,,Pablo (coordinacion); responsable de dominio pendiente,,Generado desde requirements.json y requirements-catalogue.md; actualizar tras D1.
RF-MAT-004,RF,Debe,enrollment-lifecycle,Matrícula e Inscripciones,"El sistema valida la disponibilidad de vacantes antes de confirmar la inscripción, bloqueando el proceso si la sección alcanzó su límite.",Not implemented,Fuera del candidato actual,No implementado segun catalogo; requiere aprobacion explicita si se pretende excluir.,,,,No ejecutado,,,Pablo (coordinacion); responsable de dominio pendiente,,Generado desde requirements.json y requirements-catalogue.md; actualizar tras D1.
RF-MAT-005,RF,Debe,enrollment-lifecycle,Matrícula e Inscripciones,El sistema registra el estado de entrega de los documentos obligatorios requeridos para completar la matrícula del estudiante.,Not implemented,Fuera del candidato actual,No implementado segun catalogo; requiere aprobacion explicita si se pretende excluir.,,,,No ejecutado,,,Pablo (coordinacion); responsable de dominio pendiente,,Generado desde requirements.json y requirements-catalogue.md; actualizar tras D1.
RF-MAT-006,RF,Deberia,document-generation,Matrícula e Inscripciones,El sistema restringe la generación o emisión de diplomas y certificaciones finales si la matrícula presenta papelería pendiente de entrega.,Not implemented,Fuera del candidato actual,No implementado segun catalogo; requiere aprobacion explicita si se pretende excluir.,,,,No ejecutado,,,Pablo (coordinacion); responsable de dominio pendiente,,Generado desde requirements.json y requirements-catalogue.md; actualizar tras D1.
RF-MAT-007,RF,Debe,enrollment-lifecycle,Matrícula e Inscripciones,"El estado de inscripción activa habilita automáticamente al estudiante para figurar en listas de asistencia, asignación de notas y horarios.",Not implemented,Fuera del candidato actual,No implementado segun catalogo; requiere aprobacion explicita si se pretende excluir.,,,,No ejecutado,,,Pablo (coordinacion); responsable de dominio pendiente,,Generado desde requirements.json y requirements-catalogue.md; actualizar tras D1.
RF-MAT-008,RF,Debe,enrollment-lifecycle,Matrícula e Inscripciones,El sistema almacena y permite consultar el listado histórico de todas las inscripciones realizadas por un estudiante a lo largo de sus ciclos.,Not implemented,Fuera del candidato actual,No implementado segun catalogo; requiere aprobacion explicita si se pretende excluir.,,,,No ejecutado,,,Pablo (coordinacion); responsable de dominio pendiente,,Generado desde requirements.json y requirements-catalogue.md; actualizar tras D1.
RF-MOV-001,RF,Debe,enrollment-lifecycle,Movimientos y Permanencia,El sistema diferencia explícitamente entre la reubicación interna de sección y el traslado hacia o desde otra institución educativa.,Implemented,Incluido para validacion,Implementado segun catalogo; falta ejecutar evidencia sobre SHA candidato.,,,,No ejecutado,,,Pablo (coordinacion); responsable de dominio pendiente,,Generado desde requirements.json y requirements-catalogue.md; actualizar tras D1.
RF-MOV-002,RF,Debe,enrollment-lifecycle,Movimientos y Permanencia,"Al transferir a un alumno de sección, el sistema preserva íntegramente las calificaciones y registros de asistencia acumulados en el ciclo.",Implemented,Incluido para validacion,Implementado segun catalogo; falta ejecutar evidencia sobre SHA candidato.,,,,No ejecutado,,,Pablo (coordinacion); responsable de dominio pendiente,,Generado desde requirements.json y requirements-catalogue.md; actualizar tras D1.
RF-MOV-003,RF,Debe,enrollment-lifecycle,Movimientos y Permanencia,"El sistema permite especificar la fecha oficial en que cobra vigencia un movimiento, de forma independiente a la fecha del sistema en que se ingresa.",Implemented,Incluido para validacion,Implementado segun catalogo; falta ejecutar evidencia sobre SHA candidato.,,,,No ejecutado,,,Pablo (coordinacion); responsable de dominio pendiente,,Generado desde requirements.json y requirements-catalogue.md; actualizar tras D1.
RF-MOV-004,RF,Debe,enrollment-lifecycle,Movimientos y Permanencia,El sistema procesa la baja o retiro formal de un alumno especificando la causa y deshabilitando su presencia en las listas operativas.,Implemented,Incluido para validacion,Implementado segun catalogo; falta ejecutar evidencia sobre SHA candidato.,,,,No ejecutado,,,Pablo (coordinacion); responsable de dominio pendiente,,Generado desde requirements.json y requirements-catalogue.md; actualizar tras D1.
RF-MOV-005,RF,Debe,attendance-capture,Movimientos y Permanencia,"Al registrar la baja o egreso del estudiante, el sistema desactiva inmediatamente las credenciales y accesos del estudiante y encargados asociados.",Implemented,Incluido para validacion,Implementado segun catalogo; falta ejecutar evidencia sobre SHA candidato.,,,,No ejecutado,,,Pablo (coordinacion); responsable de dominio pendiente,,Generado desde requirements.json y requirements-catalogue.md; actualizar tras D1.
RF-MOV-006,RF,Debe,enrollment-lifecycle,Movimientos y Permanencia,El sistema gestiona el resultado de fin de año del alumno (Promovido / No Promovido) determinando su grado elegible para el siguiente ciclo.,Implemented,Incluido para validacion,Implementado segun catalogo; falta ejecutar evidencia sobre SHA candidato.,,,,No ejecutado,,,Pablo (coordinacion); responsable de dominio pendiente,,Generado desde requirements.json y requirements-catalogue.md; actualizar tras D1.
RF-MOV-007,RF,Deberia,enrollment-lifecycle,Movimientos y Permanencia,Debería,Implemented,Incluido para validacion,Implementado segun catalogo; falta ejecutar evidencia sobre SHA candidato.,,,,No ejecutado,,,Pablo (coordinacion); responsable de dominio pendiente,,Generado desde requirements.json y requirements-catalogue.md; actualizar tras D1.
RF-MOV-008,RF,Deberia,enrollment-lifecycle,Movimientos y Permanencia,El sistema habilita la anulación o rectificación de un movimiento administrativo mal registrado registrando la auditoría del cambio.,Implemented,Incluido para validacion,Implementado segun catalogo; falta ejecutar evidencia sobre SHA candidato.,,,,No ejecutado,,,Pablo (coordinacion); responsable de dominio pendiente,,Generado desde requirements.json y requirements-catalogue.md; actualizar tras D1.
RF-PER-001,RF,Debe,identity-access,Permisos y Roles,El sistema dispone de un listado detallado e indivisible de permisos para cada acción ejecutable en la aplicación.,Implemented,Incluido para validacion,Implementado segun catalogo; falta ejecutar evidencia sobre SHA candidato.,,,,No ejecutado,,,Pablo (coordinacion); responsable de dominio pendiente,,Generado desde requirements.json y requirements-catalogue.md; actualizar tras D1.
RF-PER-002,RF,Debe,identity-access,Permisos y Roles,El sistema administra roles configurables que agrupan conjuntos de permisos atómicos para facilitar su asignación.,Implemented,Incluido para validacion,Implementado segun catalogo; falta ejecutar evidencia sobre SHA candidato.,,,,No ejecutado,,,Pablo (coordinacion); responsable de dominio pendiente,,Generado desde requirements.json y requirements-catalogue.md; actualizar tras D1.
RF-PER-003,RF,Debe,identity-access,Permisos y Roles,El sistema permite asignar más de un rol a un usuario (ej. Docente y Secretario al mismo tiempo).,Implemented,Incluido para validacion,Implementado segun catalogo; falta ejecutar evidencia sobre SHA candidato.,,,,No ejecutado,,,Pablo (coordinacion); responsable de dominio pendiente,,Generado desde requirements.json y requirements-catalogue.md; actualizar tras D1.
RF-PER-004,RF,Debe,identity-access,Permisos y Roles,Todo acceso a un recurso de la aplicación está bloqueado salvo que el usuario tenga explícitamente el permiso otorgado.,Implemented,Incluido para validacion,Implementado segun catalogo; falta ejecutar evidencia sobre SHA candidato.,,,,No ejecutado,,,Pablo (coordinacion); responsable de dominio pendiente,,Generado desde requirements.json y requirements-catalogue.md; actualizar tras D1.
RF-PER-005,RF,Debe,identity-access,Permisos y Roles,"El sistema valida la autorización, rol y permisos de la sesión en cada petición enviada al servidor backend.",Implemented,Incluido para validacion,Implementado segun catalogo; falta ejecutar evidencia sobre SHA candidato.,,,,No ejecutado,,,Pablo (coordinacion); responsable de dominio pendiente,,Generado desde requirements.json y requirements-catalogue.md; actualizar tras D1.
RF-PER-006,RF,Deberia,identity-access,Permisos y Roles,La revocación o modificación de permisos a un rol o usuario surte efecto en tiempo real sin requerir reinicios.,Implemented,Incluido para validacion,Implementado segun catalogo; falta ejecutar evidencia sobre SHA candidato.,,,,No ejecutado,,,Pablo (coordinacion); responsable de dominio pendiente,,Generado desde requirements.json y requirements-catalogue.md; actualizar tras D1.
RF-PER-007,RF,Debe,identity-access,Permisos y Roles,El sistema impide la eliminación o desconfiguración de los roles base predefinidos por la arquitectura del software.,Implemented,Incluido para validacion,Implementado segun catalogo; falta ejecutar evidencia sobre SHA candidato.,,,,No ejecutado,,,Pablo (coordinacion); responsable de dominio pendiente,,Generado desde requirements.json y requirements-catalogue.md; actualizar tras D1.
RF-PLA-001,RF,Debe,document-generation,Plantillas,El sistema administra un repositorio centralizado de formatos y estructuras base para la emisión de reportes y certificados.,Implemented,Incluido para validacion,Implementado segun catalogo; falta ejecutar evidencia sobre SHA candidato.,,,,No ejecutado,,,Pablo (coordinacion); responsable de dominio pendiente,,Generado desde requirements.json y requirements-catalogue.md; actualizar tras D1.
RF-PLA-002,RF,Debe,document-generation,Plantillas,Las plantillas utilizan una lista fija y predefinida de etiquetas dinámicas,Implemented,Incluido para validacion,Implementado segun catalogo; falta ejecutar evidencia sobre SHA candidato.,,,,No ejecutado,,,Pablo (coordinacion); responsable de dominio pendiente,,Generado desde requirements.json y requirements-catalogue.md; actualizar tras D1.
RF-PLA-003,RF,Debe,document-generation,Plantillas,El catálogo predeterminado de campos dinámicos para plantillas excluye información médica o confidencial de los alumnos.,Implemented,Incluido para validacion,Implementado segun catalogo; falta ejecutar evidencia sobre SHA candidato.,,,,No ejecutado,,,Pablo (coordinacion); responsable de dominio pendiente,,Generado desde requirements.json y requirements-catalogue.md; actualizar tras D1.
RF-PLA-004,RF,Debe,document-generation,Plantillas,"Todas las plantillas de impresión incorporan por omisión el logotipo, nombre oficial y datos del centro educativo en el encabezado.",Implemented,Incluido para validacion,Implementado segun catalogo; falta ejecutar evidencia sobre SHA candidato.,,,,No ejecutado,,,Pablo (coordinacion); responsable de dominio pendiente,,Generado desde requirements.json y requirements-catalogue.md; actualizar tras D1.
RF-PLA-005,RF,Podria,document-generation,Plantillas,El sistema mantiene el historial de cambios y versiones de cada plantilla documental para trazabilidad institucional.,Implemented,Incluido para validacion,Implementado segun catalogo; falta ejecutar evidencia sobre SHA candidato.,,,,No ejecutado,,,Pablo (coordinacion); responsable de dominio pendiente,,Generado desde requirements.json y requirements-catalogue.md; actualizar tras D1.
RF-PLA-006,RF,Deberia,document-generation,Plantillas,El sistema genera una previsualización con datos de muestra antes de guardar o aplicar una plantilla a los documentos oficiales.,In progress,Pendiente de clasificacion,No se encontro estado confiable en catalogo; revisar en D1.,,,,No ejecutado,,,Pablo (coordinacion); responsable de dominio pendiente,,Generado desde requirements.json y requirements-catalogue.md; actualizar tras D1.
RF-PLA-007,RF,Debe,document-generation,Plantillas,El sistema permite establecer exactamente una plantilla activa predeterminada para cada tipo de documento oficial.,Implemented,Incluido para validacion,Implementado segun catalogo; falta ejecutar evidencia sobre SHA candidato.,,,,No ejecutado,,,Pablo (coordinacion); responsable de dominio pendiente,,Generado desde requirements.json y requirements-catalogue.md; actualizar tras D1.
RF-RES-001,RF,Debe,academic-evaluation,Resultados y Promoción,El sistema calcula automáticamente el promedio o total acumulado final de la subárea sumando o promediando las notas de las unidades.,Not implemented,Fuera del candidato actual,No implementado segun catalogo; requiere aprobacion explicita si se pretende excluir.,,,,No ejecutado,,,Pablo (coordinacion); responsable de dominio pendiente,,Generado desde requirements.json y requirements-catalogue.md; actualizar tras D1.
RF-RES-002,RF,Debe,academic-evaluation,Resultados y Promoción,El redondeo de los promedios finales se ejecuta únicamente en la etapa de cálculo final según la regla institucional sin aplicar redondeos intermedios.,Not implemented,Fuera del candidato actual,No implementado segun catalogo; requiere aprobacion explicita si se pretende excluir.,,,,No ejecutado,,,Pablo (coordinacion); responsable de dominio pendiente,,Generado desde requirements.json y requirements-catalogue.md; actualizar tras D1.
RF-RES-003,RF,Debe,academic-evaluation,Resultados y Promoción,El sistema evalúa la nota final obtenida contra la nota mínima de aprobación fijada para determinar si la subárea se marca como Aprobada o Reprobada.,Not implemented,Fuera del candidato actual,No implementado segun catalogo; requiere aprobacion explicita si se pretende excluir.,,,,No ejecutado,,,Pablo (coordinacion); responsable de dominio pendiente,,Generado desde requirements.json y requirements-catalogue.md; actualizar tras D1.
RF-RES-004,RF,Debe,academic-evaluation,Resultados y Promoción,El sistema determina qué estudiantes califican para optar a pruebas de recuperación según la cantidad de subáreas reprobadas y el reglamento vigente.,Not implemented,Fuera del candidato actual,No implementado segun catalogo; requiere aprobacion explicita si se pretende excluir.,,,,No ejecutado,,,Pablo (coordinacion); responsable de dominio pendiente,,Generado desde requirements.json y requirements-catalogue.md; actualizar tras D1.
RF-RES-005,RF,Debe,academic-evaluation,Resultados y Promoción,El sistema permite ingresar la nota alcanzada en la evaluación de recuperación y recalcula el resultado final de la subárea según corresponda.,Not implemented,Fuera del candidato actual,No implementado segun catalogo; requiere aprobacion explicita si se pretende excluir.,,,,No ejecutado,,,Pablo (coordinacion); responsable de dominio pendiente,,Generado desde requirements.json y requirements-catalogue.md; actualizar tras D1.
RF-RES-006,RF,Debe,enrollment-lifecycle,Resultados y Promoción,"El sistema determina el estado de promoción del estudiante (Promovido, No Promovido) al finalizar el ciclo tras consolidar los resultados finales.",Not implemented,Fuera del candidato actual,No implementado segun catalogo; requiere aprobacion explicita si se pretende excluir.,,,,No ejecutado,,,Pablo (coordinacion); responsable de dominio pendiente,,Generado desde requirements.json y requirements-catalogue.md; actualizar tras D1.
RF-RES-007,RF,Debe,school-cycle,Resultados y Promoción,"Al efectuar el cierre del ciclo, las notas finales y el estado de promoción quedan inalterables para cualquier modificación estándar.",Not implemented,Fuera del candidato actual,No implementado segun catalogo; requiere aprobacion explicita si se pretende excluir.,,,,No ejecutado,,,Pablo (coordinacion); responsable de dominio pendiente,,Generado desde requirements.json y requirements-catalogue.md; actualizar tras D1.
RF-RES-008,RF,Debe,document-generation,Resultados y Promoción,"El sistema genera e imprime la boleta de calificaciones consolidada mostrando las notas por unidad, promedios y resultado final del ciclo.",Not implemented,Fuera del candidato actual,No implementado segun catalogo; requiere aprobacion explicita si se pretende excluir.,,,,No ejecutado,,,Pablo (coordinacion); responsable de dominio pendiente,,Generado desde requirements.json y requirements-catalogue.md; actualizar tras D1.
RF-RES-009,RF,Deberia,audit-compliance,Resultados y Promoción,"El sistema mantiene un registro histórico auditable de todos los cálculos, modificaciones y rectificaciones que originaron el resultado final.",Not implemented,Fuera del candidato actual,No implementado segun catalogo; requiere aprobacion explicita si se pretende excluir.,,,,No ejecutado,,,Pablo (coordinacion); responsable de dominio pendiente,,Generado desde requirements.json y requirements-catalogue.md; actualizar tras D1.
RNF-AUD-001,RNF,Debe,audit-compliance,Auditoría y Seguridad,Los eventos de movimiento y asistencia son inmutables; cualquier corrección posterior debe registrarse mediante un nuevo asiento de ajuste sin sobrescribir el registro original.,Not implemented,Fuera del candidato actual,No implementado segun catalogo; requiere aprobacion explicita si se pretende excluir.,,,,No ejecutado,,,Pablo (coordinacion); responsable de dominio pendiente,,Generado desde requirements.json y requirements-catalogue.md; actualizar tras D1.
RNF-AUD-002,RNF,Debe,audit-compliance,Auditoría y Seguridad,"Cualquier modificación en la configuración de parámetros del sistema debe quedar registrada en la bitácora indicando el usuario responsable, fecha y período de vigencia.",Implemented,Incluido para validacion,Implementado segun catalogo; falta ejecutar evidencia sobre SHA candidato.,,,,No ejecutado,,,Pablo (coordinacion); responsable de dominio pendiente,,Generado desde requirements.json y requirements-catalogue.md; actualizar tras D1.
RNF-AUD-003,RNF,Debe,audit-compliance,Auditoría y Seguridad,El sistema debe registrar un evento de auditoría de lectura cada vez que un usuario consulte o descargue notas de salud o documentos confidenciales del expediente.,Implemented,Incluido para validacion,Implementado segun catalogo; falta ejecutar evidencia sobre SHA candidato.,,,,No ejecutado,,,Pablo (coordinacion); responsable de dominio pendiente,,Generado desde requirements.json y requirements-catalogue.md; actualizar tras D1.
RNF-CAP-001,RNF,Debe,platform,Capacidad y Infraestructura,El sistema debe operar de forma fluida dimensionado para la matrícula real del establecimiento,Implemented,Incluido para validacion,Implementado segun catalogo; falta ejecutar evidencia sobre SHA candidato.,,,,No ejecutado,,,Pablo (coordinacion); responsable de dominio pendiente,,Generado desde requirements.json y requirements-catalogue.md; actualizar tras D1.
RNF-CAP-002,RNF,Debe,file-storage,Capacidad y Infraestructura,El sistema estimará un crecimiento proyectado de 2 GB de almacenamiento por ciclo y emitirá advertencias al alcanzar umbrales configurables de espacio.,Implemented,Incluido para validacion,Implementado segun catalogo; falta ejecutar evidencia sobre SHA candidato.,,,,No ejecutado,,,Pablo (coordinacion); responsable de dominio pendiente,,Generado desde requirements.json y requirements-catalogue.md; actualizar tras D1.
RNF-COM-001,RNF,Debe,frontend-platform,Compatibilidad y Rendimiento,"La interfaz debe ser plenamente operativa en navegadores web modernos sobre teléfonos de gama baja, permitiendo la captura mediante el acceso a la cámara.",Not implemented,Fuera del candidato actual,No implementado segun catalogo; requiere aprobacion explicita si se pretende excluir.,,,,No ejecutado,,,Pablo (coordinacion); responsable de dominio pendiente,,Generado desde requirements.json y requirements-catalogue.md; actualizar tras D1.
RNF-COM-002,RNF,Debe,frontend-platform,Compatibilidad y Rendimiento,El peso total de transferencia por página debe estar estricta y deliberadamente acotado para funcionar correctamente con la conectividad limitada del municipio.,Not implemented,Fuera del candidato actual,No implementado segun catalogo; requiere aprobacion explicita si se pretende excluir.,,,,No ejecutado,,,Pablo (coordinacion); responsable de dominio pendiente,,Generado desde requirements.json y requirements-catalogue.md; actualizar tras D1.
RNF-CON-001,RNF,Debe,attendance-capture,Concurrencia e Integridad,El sistema debe garantizar la idempotencia de las peticiones para que los reintentos automáticos por interrupción de conectividad no generen registros duplicados.,Not implemented,Fuera del candidato actual,No implementado segun catalogo; requiere aprobacion explicita si se pretende excluir.,,,,No ejecutado,,,Pablo (coordinacion); responsable de dominio pendiente,,Generado desde requirements.json y requirements-catalogue.md; actualizar tras D1.
RNF-CON-002,RNF,Debe,attendance-capture,Concurrencia e Integridad,Los lotes de datos pendientes de confirmación deben persistir de forma que puedan recuperarse o reanudarse desde cualquier dispositivo autorizado.,Not implemented,Fuera del candidato actual,No implementado segun catalogo; requiere aprobacion explicita si se pretende excluir.,,,,No ejecutado,,,Pablo (coordinacion); responsable de dominio pendiente,,Generado desde requirements.json y requirements-catalogue.md; actualizar tras D1.
RNF-DIS-001,RNF,Debe,platform,Disponibilidad,"El servicio debe garantizar máxima disponibilidad durante el horario activo de las jornadas escolares en días lectivos, sin exigir esquemas complejos de operación continua 24/7.",Implemented,Incluido para validacion,Implementado segun catalogo; falta ejecutar evidencia sobre SHA candidato.,,,,No ejecutado,,,Pablo (coordinacion); responsable de dominio pendiente,,Generado desde requirements.json y requirements-catalogue.md; actualizar tras D1.
RNF-LEG-001,RNF,Debe,security-compliance,Aspectos Legales y Privacidad,"El tratamiento de datos de menores debe cumplir con control estricto de accesos por rol, principio de minimización de datos y plazos de retención claramente declarados.",Not implemented,Fuera del candidato actual,No implementado segun catalogo; requiere aprobacion explicita si se pretende excluir.,,,,No ejecutado,,,Pablo (coordinacion); responsable de dominio pendiente,,Generado desde requirements.json y requirements-catalogue.md; actualizar tras D1.
RNF-LOC-001,RNF,Debe,platform,Localización e Idioma,El servidor y la base de datos deben estar fijados explícitamente en la zona horaria del establecimiento; los eventos y fechas de efecto se interpretan de forma uniforme en hora local.,Not implemented,Fuera del candidato actual,No implementado segun catalogo; requiere aprobacion explicita si se pretende excluir.,,,,No ejecutado,,,Pablo (coordinacion); responsable de dominio pendiente,,Generado desde requirements.json y requirements-catalogue.md; actualizar tras D1.
RNF-LOC-002,RNF,Debe,platform,Localización e Idioma,"La totalidad de la interfaz de usuario, mensajes del sistema, plantillas de documentos y reportes generados deben estar presentados en idioma español.",Not implemented,Fuera del candidato actual,No implementado segun catalogo; requiere aprobacion explicita si se pretende excluir.,,,,No ejecutado,,,Pablo (coordinacion); responsable de dominio pendiente,,Generado desde requirements.json y requirements-catalogue.md; actualizar tras D1.
RNF-MAN-001,RNF,Debe,platform,Mantenibilidad,"Los catálogos (tipos de documentos, plantillas, parámetros de jornada, ponderaciones) no deben incluirse en código duro (hardcoded), siendo totalmente administrables vía interfaz.",Not implemented,Fuera del candidato actual,No implementado segun catalogo; requiere aprobacion explicita si se pretende excluir.,,,,No ejecutado,,,Pablo (coordinacion); responsable de dominio pendiente,,Generado desde requirements.json y requirements-catalogue.md; actualizar tras D1.
RNF-MAN-002,RNF,Debe,document-generation,Mantenibilidad,Los textos y la estructura de los documentos institucionales deben ser modificables desde el panel administrativo sin requerir la compilación o re-despliegue del código fuente.,Not implemented,Fuera del candidato actual,No implementado segun catalogo; requiere aprobacion explicita si se pretende excluir.,,,,No ejecutado,,,Pablo (coordinacion); responsable de dominio pendiente,,Generado desde requirements.json y requirements-catalogue.md; actualizar tras D1.
RNF-OPE-001,RNF,Debe,platform,Operatividad y Monitoreo,El sistema debe implementar registro de errores (logs) y monitoreo básico para los procesos del worker y la ejecución de tareas programadas (cron jobs).,Not implemented,Fuera del candidato actual,No implementado segun catalogo; requiere aprobacion explicita si se pretende excluir.,,,,No ejecutado,,,Pablo (coordinacion); responsable de dominio pendiente,,Generado desde requirements.json y requirements-catalogue.md; actualizar tras D1.
RNF-PRI-001,RNF,Debe,attendance-capture,Privacidad y Protección de Datos,"El código QR impreso o desplegado en las credenciales no debe contener datos personales embebidos, únicamente un identificador único opaco o tokenizado.",Not implemented,Fuera del candidato actual,No implementado segun catalogo; requiere aprobacion explicita si se pretende excluir.,,,,No ejecutado,,,Pablo (coordinacion); responsable de dominio pendiente,,Generado desde requirements.json y requirements-catalogue.md; actualizar tras D1.
RNF-PRI-002,RNF,Debe,attendance-capture,Privacidad y Protección de Datos,"La interfaz de confirmación tras el escaneo no debe exponer datos sensibles de salud, desempeño académico ni información de contacto del estudiante.",Not implemented,Fuera del candidato actual,No implementado segun catalogo; requiere aprobacion explicita si se pretende excluir.,,,,No ejecutado,,,Pablo (coordinacion); responsable de dominio pendiente,,Generado desde requirements.json y requirements-catalogue.md; actualizar tras D1.
RNF-PRI-003,RNF,Debe,attendance-capture,Privacidad y Protección de Datos,"Queda prohibido el almacenamiento persistente (en LocalStorage, bases de datos locales o archivos) de datos personales de menores dentro del dispositivo del operador.",Not implemented,Fuera del candidato actual,No implementado segun catalogo; requiere aprobacion explicita si se pretende excluir.,,,,No ejecutado,,,Pablo (coordinacion); responsable de dominio pendiente,,Generado desde requirements.json y requirements-catalogue.md; actualizar tras D1.
RNF-PRI-004,RNF,Debe,audit-compliance,Privacidad y Protección de Datos,Toda acción de visualización o descarga de documentos adjuntos en las justificaciones de asistencia debe registrar un evento de auditoría.,Implemented,Incluido para validacion,Implementado segun catalogo; falta ejecutar evidencia sobre SHA candidato.,,,,No ejecutado,,,Pablo (coordinacion); responsable de dominio pendiente,,Generado desde requirements.json y requirements-catalogue.md; actualizar tras D1.
RNF-PRI-005,RNF,Debe,document-generation,"La consulta pública de autenticidad de documentos emitidos únicamente revelará metadatos básicos: tipo de documento, folio, fecha de emisión y estado de vigencia.",Debe,Implemented,Incluido para validacion,Implementado segun catalogo; falta ejecutar evidencia sobre SHA candidato.,,,,No ejecutado,,,Pablo (coordinacion); responsable de dominio pendiente,,Generado desde requirements.json y requirements-catalogue.md; actualizar tras D1.
RNF-REN-001,RNF,Debe,attendance-capture,Rendimiento y Eficiencia,El percentil 95 (p95) del tiempo de respuesta desde la lectura del código hasta la confirmación visual debe ser menor o igual a 2 segundos en la infraestructura objetivo (1 vCPU / 2 GB RAM).,Implemented,Incluido para validacion,Implementado segun catalogo; falta ejecutar evidencia sobre SHA candidato.,,,,No ejecutado,,,Pablo (coordinacion); responsable de dominio pendiente,,Generado desde requirements.json y requirements-catalogue.md; actualizar tras D1.
RNF-REN-002,RNF,Debe,attendance-capture,Rendimiento y Eficiencia,El sistema debe soportar la tasa máxima de escaneos simultáneos calculada a partir del número de operadores en portón durante el horario de mayor flujo.,Implemented,Incluido para validacion,Implementado segun catalogo; falta ejecutar evidencia sobre SHA candidato.,,,,No ejecutado,,,Pablo (coordinacion); responsable de dominio pendiente,,Generado desde requirements.json y requirements-catalogue.md; actualizar tras D1.
RNF-REN-003,RNF,Debe,platform,Rendimiento y Eficiencia,Ninguna petición síncrona debe superar el tiempo de espera (timeout) del servidor web; los procesos pesados como generación de lotes de documentos deben procesarse mediante colas de trabajo.,Deferred,Diferido,ADR-0009: procesamiento trabajador diferido; requiere decision posterior.,,,,No ejecutado,,,Pablo (coordinacion); responsable de dominio pendiente,,Generado desde requirements.json y requirements-catalogue.md; actualizar tras D1.
RNF-REN-004,RNF,Debe,platform,Rendimiento y Eficiencia,El proceso worker debe ejecutarse con una concurrencia limitada a 1 y dentro de una ventana horaria configurable para no competir por recursos durante las horas pico de escaneo.,Not implemented,Diferido,ADR-0009: procesamiento trabajador diferido; requiere decision posterior.,,,,No ejecutado,,,Pablo (coordinacion); responsable de dominio pendiente,,Generado desde requirements.json y requirements-catalogue.md; actualizar tras D1.
RNF-RES-001,RNF,Debe,platform,Recuperación,Los esquemas de respaldo de la base de datos y de la pila de archivos adjuntos deben ser independientes y permitir la restauración total sobre la infraestructura objetivo.,Not implemented,Fuera del candidato actual,No implementado segun catalogo; requiere aprobacion explicita si se pretende excluir.,,,,No ejecutado,,,Pablo (coordinacion); responsable de dominio pendiente,,Generado desde requirements.json y requirements-catalogue.md; actualizar tras D1.
RNF-RES-002,RNF,Debe,platform,Recuperación,El Punto Objetivo de Recuperación (RPO) y Tiempo Objetivo de Recuperación (RTO) deberán quedar explícitamente declarados y validados mediante pruebas antes de la entrega final.,Not implemented,Fuera del candidato actual,No implementado segun catalogo; requiere aprobacion explicita si se pretende excluir.,,,,No ejecutado,,,Pablo (coordinacion); responsable de dominio pendiente,,Generado desde requirements.json y requirements-catalogue.md; actualizar tras D1.
RNF-RES-003,RNF,Debe,file-storage,Respuesta y Recuperación,Se deben ejecutar procesos automatizados para verificar periódicamente la integridad de las sumas de comprobación (hashes) de los archivos almacenados.,Not implemented,Fuera del candidato actual,No implementado segun catalogo; requiere aprobacion explicita si se pretende excluir.,,,,No ejecutado,,,Pablo (coordinacion); responsable de dominio pendiente,,Generado desde requirements.json y requirements-catalogue.md; actualizar tras D1.
RNF-SEG-001,RNF,Debe,identity-access,Seguridad de la Información,"Todas las cookies de gestión de sesión deben configurarse obligatoriamente con los atributos HttpOnly, Secure y SameSite (Strict/Lax).",Not implemented,Fuera del candidato actual,No implementado segun catalogo; requiere aprobacion explicita si se pretende excluir.,,,,No ejecutado,,,Pablo (coordinacion); responsable de dominio pendiente,,Generado desde requirements.json y requirements-catalogue.md; actualizar tras D1.
RNF-SEG-002,RNF,Debe,security-compliance,Seguridad de la Información,El uso de cifrado TLS (HTTPS) es estricto y obligatorio; el acceso a la cámara del dispositivo se denegará completamente si la conexión no se realiza bajo un contexto seguro.,Not implemented,Fuera del candidato actual,No implementado segun catalogo; requiere aprobacion explicita si se pretende excluir.,,,,No ejecutado,,,Pablo (coordinacion); responsable de dominio pendiente,,Generado desde requirements.json y requirements-catalogue.md; actualizar tras D1.
RNF-SEG-003,RNF,Debe,audit-compliance,Seguridad de la Información,"Todo intento de escaneo rechazado (código inválido, estudiante no registrado o credencial no vigente) debe quedar registrado explícitamente en la bitácora de auditoría.",Implemented,Incluido para validacion,Implementado segun catalogo; falta ejecutar evidencia sobre SHA candidato.,,,,No ejecutado,,,Pablo (coordinacion); responsable de dominio pendiente,,Generado desde requirements.json y requirements-catalogue.md; actualizar tras D1.
RNF-SEG-004,RNF,Debe,document-generation,Seguridad de la Información,"La sustitución de variables en plantillas de documentos debe operar mediante la interpolación de un catálogo cerrado de marcadores, proscribiendo la evaluación sintáctica de código (eval).",Not implemented,Fuera del candidato actual,No implementado segun catalogo; requiere aprobacion explicita si se pretende excluir.,,,,No ejecutado,,,Pablo (coordinacion); responsable de dominio pendiente,,Generado desde requirements.json y requirements-catalogue.md; actualizar tras D1.
RNF-SEG-005,RNF,Debe,document-management,Seguridad de la Información,Las descargas de archivos adjuntos se resolverán a través de URL temporales firmadas de expiración breve vinculadas al usuario; se prohíbe el acceso directo por ruta estática.,Implemented,Incluido para validacion,Implementado segun catalogo; falta ejecutar evidencia sobre SHA candidato.,,,,No ejecutado,,,Pablo (coordinacion); responsable de dominio pendiente,,Generado desde requirements.json y requirements-catalogue.md; actualizar tras D1.
RNF-SEG-006,RNF,Debe,document-generation,Seguridad de la Información,Se deben aplicar restricciones de frecuencia de peticiones (rate limiting) en las interfaces públicas no autenticadas para prevenir ataques de denegación de servicio o raspado (scraping).,Not implemented,Fuera del candidato actual,No implementado segun catalogo; requiere aprobacion explicita si se pretende excluir.,,,,No ejecutado,,,Pablo (coordinacion); responsable de dominio pendiente,,Generado desde requirements.json y requirements-catalogue.md; actualizar tras D1.
RNF-USA-001,RNF,Debe,attendance-capture,,"El estado de los permisos de acceso a la cámara debe verificarse preventivamente al iniciar la sesión/turno de escaneo, evitando interrupciones durante el primer intento de captura. Módulo                       Usabilidad y Experiencia Estado                       Pendiente ●​ 5 de agosto de 2026: Presentación oficial del proyecto, revisión del alcance definitivo y planificación de la etapa inicial de desarrollo. ●​ 2 de septiembre de 2026: Presentación del primer avance funcional, validación de los módulos desarrollados y recopilación de observaciones por parte de la institución. ●​ 7 de octubre de 2026: Revisión del avance general del sistema, validación de nuevas funcionalidades y planificación de la etapa final de desarrollo. ●​ 4 de noviembre de 2026: Presentación del sistema desarrollado, validación final de los entregables y revisión de las observaciones previas a la conclusión del proyecto.",Implemented,Incluido para validacion,Implementado segun catalogo; falta ejecutar evidencia sobre SHA candidato.,,,,No ejecutado,,,Pablo (coordinacion); responsable de dominio pendiente,,Generado desde requirements.json y requirements-catalogue.md; actualizar tras D1.
