evidence_id,run_id,path,bytes,sha256,storage,retention_export_status
EV-001,RUN-D1-05,docs/quality/fase-7/evidence/RUN-D1-05/backend/.coverage,94208,0a591df2f3130246c5f387dca775f816fe8dd338c1fc9a9b5985ce63e716d607,Local; ignorado por Git,Exportacion externa y retencion pendientes
EV-002,RUN-D1-05,docs/quality/fase-7/evidence/RUN-D1-05/backend/.pytest_cache/.gitignore,37,3ed731b65d06150c138e2dadb0be0697550888a6b47eb8c45ecc9adba8b8e9bd,Local; ignorado por Git,Exportacion externa y retencion pendientes
EV-003,RUN-D1-05,docs/quality/fase-7/evidence/RUN-D1-05/backend/.pytest_cache/CACHEDIR.TAG,191,37dc88ef9a0abeddbe81053a6dd8fdfb13afb613045ea1eb4a5c815a74a3bde4,Local; ignorado por Git,Exportacion externa y retencion pendientes
EV-004,RUN-D1-05,docs/quality/fase-7/evidence/RUN-D1-05/backend/.pytest_cache/README.md,302,73fd6fccdd802c419a6b2d983d6c3173b7da97558ac4b589edec2dfe443db9ad,Local; ignorado por Git,Exportacion externa y retencion pendientes
EV-005,RUN-D1-05,docs/quality/fase-7/evidence/RUN-D1-05/backend/.pytest_cache/v/cache/lastfailed,3415,8352fd8a51ce9769ff8ec8b5a21a4191340be8e4525a3d8bd9bec641b57a44d3,Local; ignorado por Git,Exportacion externa y retencion pendientes
EV-006,RUN-D1-05,docs/quality/fase-7/evidence/RUN-D1-05/backend/.pytest_cache/v/cache/nodeids,162913,e29be1669e0878e53ae81bea52886e3b3e7d0fb347983812e58b8986880840dc,Local; ignorado por Git,Exportacion externa y retencion pendientes
EV-007,RUN-D1-05,docs/quality/fase-7/evidence/RUN-D1-05/backend/coverage.xml,433006,c219ef09b3d08f8d5f677594dc363575a49fd9ec2fec5b30d142b942148df836,Local; ignorado por Git,Exportacion externa y retencion pendientes
EV-008,RUN-D1-05,docs/quality/fase-7/evidence/RUN-D1-05/backend/execution.log,161319,f286317650dcec2bead5c527e8f0bf8d7301d0165e61e50b5f8cbae3b40c53db,Local; ignorado por Git,Exportacion externa y retencion pendientes
EV-009,RUN-D1-05,docs/quality/fase-7/evidence/RUN-D1-05/backend/htmlcov/.gitignore,27,8c2eb1fa82c314dc11791274cb7aa967245d1908442d6e788bc77f6e1aa5c2b8,Local; ignorado por Git,Exportacion externa y retencion pendientes
EV-010,RUN-D1-05,docs/quality/fase-7/evidence/RUN-D1-05/backend/htmlcov/class_index.html,674187,b30dfd1db03ad3a9d9a1c085b59977367276b40a54510b8ecde578a549eb8fe2,Local; ignorado por Git,Exportacion externa y retencion pendientes
EV-011,RUN-D1-05,docs/quality/fase-7/evidence/RUN-D1-05/backend/htmlcov/coverage_html_cb_15cffcd0.js,25463,f6b4fff272644e71ad233c460f77a8a688a1d00e4a0984c41bbb76615f67b0da,Local; ignorado por Git,Exportacion externa y retencion pendientes
EV-012,RUN-D1-05,docs/quality/fase-7/evidence/RUN-D1-05/backend/htmlcov/favicon_32_cb_c827f16f.png,1732,bc8100fa8743c11bd243eb3259f4b012758651612fd9bf93bf8b734d17f02561,Local; ignorado por Git,Exportacion externa y retencion pendientes
EV-013,RUN-D1-05,docs/quality/fase-7/evidence/RUN-D1-05/backend/htmlcov/function_index.html,815232,2ee97fad91ef590ab9f3234a4c9a218eea300c288690d34df829453475faad43,Local; ignorado por Git,Exportacion externa y retencion pendientes
EV-014,RUN-D1-05,docs/quality/fase-7/evidence/RUN-D1-05/backend/htmlcov/index.html,129297,8c09ce29e0bff7285cd84a589f524eb2f737b121ce8f35455c8779b6430b1416,Local; ignorado por Git,Exportacion externa y retencion pendientes
EV-015,RUN-D1-05,docs/quality/fase-7/evidence/RUN-D1-05/backend/htmlcov/keybd_closed_cb_900cfef5.png,9004,7d9bf8ae66370e4349b4f423ac5279501384e4374da1fde675e099582ed33a8a,Local; ignorado por Git,Exportacion externa y retencion pendientes
EV-016,RUN-D1-05,docs/quality/fase-7/evidence/RUN-D1-05/backend/htmlcov/status.json,93281,fb93666efdcc522a7b52583cbcbc91867699245724ae512e5c6d61235d8139a1,Local; ignorado por Git,Exportacion externa y retencion pendientes
EV-017,RUN-D1-05,docs/quality/fase-7/evidence/RUN-D1-05/backend/htmlcov/style_cb_4667309f.css,16131,1b54edba892874f987fd65a5f0fc992bf4f5923ef6e53c687eb0ac0923dd932a,Local; ignorado por Git,Exportacion externa y retencion pendientes
EV-018,RUN-D1-05,docs/quality/fase-7/evidence/RUN-D1-05/backend/htmlcov/z_08f373a651136309___init___py.html,4645,1aa53864a5069fe7e278c03f14b5665d51f8eb19f95d2de37ff0da2eb2a924e9,Local; ignorado por Git,Exportacion externa y retencion pendientes
EV-019,RUN-D1-05,docs/quality/fase-7/evidence/RUN-D1-05/backend/htmlcov/z_08f373a651136309_serializers_py.html,215532,a60d9afb88fffbd701dc07d462832ee85fc3d0e41565c1eefb9cbc9131733fc0,Local; ignorado por Git,Exportacion externa y retencion pendientes
EV-020,RUN-D1-05,docs/quality/fase-7/evidence/RUN-D1-05/backend/htmlcov/z_08f373a651136309_urls_py.html,70919,26d81f54bfe7d62c2837ea153a256fa744733dfabe5d94a39861638845c22275,Local; ignorado por Git,Exportacion externa y retencion pendientes
EV-021,RUN-D1-05,docs/quality/fase-7/evidence/RUN-D1-05/backend/htmlcov/z_08f373a651136309_views_py.html,470447,939e1536683152946be20b007251e81e871ee0cc31b85120a16c926a9bf88522,Local; ignorado por Git,Exportacion externa y retencion pendientes
EV-022,RUN-D1-05,docs/quality/fase-7/evidence/RUN-D1-05/backend/htmlcov/z_105218b0c3c574c0___init___py.html,4657,a0d163697aa00c6d6c977f3f4feb7b5ea5ac1ba1719ed3e1808eb877bc3fc7fe,Local; ignorado por Git,Exportacion externa y retencion pendientes
EV-023,RUN-D1-05,docs/quality/fase-7/evidence/RUN-D1-05/backend/htmlcov/z_15cca385f2d23b48___init___py.html,4604,8a086bab5924ca3dfcd65a719ce3b2acc6c11beb19f1983170653f6665fa0232,Local; ignorado por Git,Exportacion externa y retencion pendientes
EV-024,RUN-D1-05,docs/quality/fase-7/evidence/RUN-D1-05/backend/htmlcov/z_15cca385f2d23b48_admin_py.html,5877,20bca52959b2d7e8bf5561dd0a9c32091779552bdd76ecf447d9e89dccec0b68,Local; ignorado por Git,Exportacion externa y retencion pendientes
EV-025,RUN-D1-05,docs/quality/fase-7/evidence/RUN-D1-05/backend/htmlcov/z_15cca385f2d23b48_apps_py.html,5971,871d647f93eabfffa042bda698e74326f1ce9a0d8e81033e7b5aafb47a373af7,Local; ignorado por Git,Exportacion externa y retencion pendientes
EV-026,RUN-D1-05,docs/quality/fase-7/evidence/RUN-D1-05/backend/htmlcov/z_15cca385f2d23b48_models_py.html,13957,716aa03df8d033b6e5b7ad07b7abaa2310d38c554d354e728addcc1f14fa6f36,Local; ignorado por Git,Exportacion externa y retencion pendientes
EV-027,RUN-D1-05,docs/quality/fase-7/evidence/RUN-D1-05/backend/htmlcov/z_15cca385f2d23b48_queries_py.html,11645,d89c8d61dd55b5b090303ee0e82b1c653ed2feec9377d7ed84705bfb05d288bb,Local; ignorado por Git,Exportacion externa y retencion pendientes
EV-028,RUN-D1-05,docs/quality/fase-7/evidence/RUN-D1-05/backend/htmlcov/z_15cca385f2d23b48_services_py.html,27794,92c813ec5c01fbb48eae506bc664f97d7f173fde80cf5a43e4ed9b3ef375c63e,Local; ignorado por Git,Exportacion externa y retencion pendientes
EV-029,RUN-D1-05,docs/quality/fase-7/evidence/RUN-D1-05/backend/htmlcov/z_188919b983c48106_0001_initial_py.html,63058,2891ad6d6106ad26a2e02d5c4504d559dfdb9cb323041bcb0bce4d63d749c44d,Local; ignorado por Git,Exportacion externa y retencion pendientes
EV-030,RUN-D1-05,docs/quality/fase-7/evidence/RUN-D1-05/backend/htmlcov/z_188919b983c48106_0002_alter_useraccount_status_py.html,11113,fb71a7a055db949eb6fdcd2acfe37b442c81031c6418bfd7bfc6d7c2ffe734f4,Local; ignorado por Git,Exportacion externa y retencion pendientes
EV-031,RUN-D1-05,docs/quality/fase-7/evidence/RUN-D1-05/backend/htmlcov/z_188919b983c48106_0003_activationchallenge_py.html,19647,f2af55a4a229a0635a72182b8d9f7db55697197c2c13dd3903420c4599e866f1,Local; ignorado por Git,Exportacion externa y retencion pendientes
EV-032,RUN-D1-05,docs/quality/fase-7/evidence/RUN-D1-05/backend/htmlcov/z_188919b983c48106_0004_seed_atomic_permission_catalog_py.html,21342,8fb5be4b9db18623139851642cce5c0fd140b975d6dda28144a4b255609dfdae,Local; ignorado por Git,Exportacion externa y retencion pendientes
EV-033,RUN-D1-05,docs/quality/fase-7/evidence/RUN-D1-05/backend/htmlcov/z_188919b983c48106_0005_seed_attendance_jornada_configure_permission_py.html,11781,575c91043bbf7ea95419b30dc05c52c4e4bcffd135cc3f2fd61ac913141f568f,Local; ignorado por Git,Exportacion externa y retencion pendientes
EV-034,RUN-D1-05,docs/quality/fase-7/evidence/RUN-D1-05/backend/htmlcov/z_188919b983c48106_0006_scope_grant_requires_dimension_py.html,17071,0eca39f4685be82a3abdc8af485b77d77bb3276249c8fd44b53c8132195a3e0a,Local; ignorado por Git,Exportacion externa y retencion pendientes
EV-035,RUN-D1-05,docs/quality/fase-7/evidence/RUN-D1-05/backend/htmlcov/z_188919b983c48106_0007_seed_reporting_permissions_py.html,13158,8cdaea900bbffea5ebedae8c0adc74251d93364901bee8bd9ed95c981c4b0014,Local; ignorado por Git,Exportacion externa y retencion pendientes
EV-036,RUN-D1-05,docs/quality/fase-7/evidence/RUN-D1-05/backend/htmlcov/z_188919b983c48106_0008_seed_evaluation_configure_units_permission_py.html,11797,1942a36ac5a25bec561eaaed1c6d742010dd53a14386f77685ddbaa3e7068e1a,Local; ignorado por Git,Exportacion externa y retencion pendientes
EV-037,RUN-D1-05,docs/quality/fase-7/evidence/RUN-D1-05/backend/htmlcov/z_188919b983c48106_0009_role_session_timeout_and_account_person_required_py.html,19909,8ec7e2258f9e2b1fe0ee37348a664510a6473c73d62284456a091813c8015e3c,Local; ignorado por Git,Exportacion externa y retencion pendientes
EV-038,RUN-D1-05,docs/quality/fase-7/evidence/RUN-D1-05/backend/htmlcov/z_188919b983c48106_0010_seed_retention_policy_declare_permission_py.html,11813,d41f5f0dfe6b77bf5024649ff651079001a3b43f45eea3917c3626ea874c413c,Local; ignorado por Git,Exportacion externa y retencion pendientes
EV-039,RUN-D1-05,docs/quality/fase-7/evidence/RUN-D1-05/backend/htmlcov/z_188919b983c48106_0011_password_reset_challenge_py.html,15919,221cbcbe30c6f0b34b20b3d71ddb2e249ab2c5b474db22b164c9e9a4db745a18,Local; ignorado por Git,Exportacion externa y retencion pendientes
EV-040,RUN-D1-05,docs/quality/fase-7/evidence/RUN-D1-05/backend/htmlcov/z_188919b983c48106_0012_seed_academic_cycle_reopen_permission_py.html,11748,f9759d7960ba8cf9bbc1ccfe2059e1cf3ce934decf8365b085ae4affe2b0858f,Local; ignorado por Git,Exportacion externa y retencion pendientes
EV-041,RUN-D1-05,docs/quality/fase-7/evidence/RUN-D1-05/backend/htmlcov/z_188919b983c48106_0013_seed_platform_monitor_permission_py.html,11726,89625d1ac57393cfeb78f8a2b8930f8651a8e08b6fff3b01f989782bb153c965,Local; ignorado por Git,Exportacion externa y retencion pendientes
EV-042,RUN-D1-05,docs/quality/fase-7/evidence/RUN-D1-05/backend/htmlcov/z_188919b983c48106___init___py.html,4837,2cc80679e2cd5401e18f64768b675e613c105ffc88f09c815c7a776b4bc3c840,Local; ignorado por Git,Exportacion externa y retencion pendientes
EV-043,RUN-D1-05,docs/quality/fase-7/evidence/RUN-D1-05/backend/htmlcov/z_3ed2bf3f72936753___init___py.html,4647,e619add9c1200f7fbaf69d8e3b7807f8af7812be9c5bed1efe38cc3a6b9f10dd,Local; ignorado por Git,Exportacion externa y retencion pendientes
EV-044,RUN-D1-05,docs/quality/fase-7/evidence/RUN-D1-05/backend/htmlcov/z_3ed2bf3f72936753_serializers_py.html,192113,19475e0665f15ab37acd8657cae929a967fe320af0adb3f9f55fd3e128f8d153,Local; ignorado por Git,Exportacion externa y retencion pendientes
EV-045,RUN-D1-05,docs/quality/fase-7/evidence/RUN-D1-05/backend/htmlcov/z_3ed2bf3f72936753_urls_py.html,46384,f42fb6c25e900e86f3e45f18bc05ec32737de4024e3ddffe17f39a758f657a56,Local; ignorado por Git,Exportacion externa y retencion pendientes
EV-046,RUN-D1-05,docs/quality/fase-7/evidence/RUN-D1-05/backend/htmlcov/z_3ed2bf3f72936753_views_py.html,351259,badcf4454ef4fc82717f1e4b399d8175648c9f828c893655036466d40976d942,Local; ignorado por Git,Exportacion externa y retencion pendientes
EV-047,RUN-D1-05,docs/quality/fase-7/evidence/RUN-D1-05/backend/htmlcov/z_407bf6225c0109c5_0001_initial_py.html,15767,7defce6f52723d26bbc3c2b968fdf0332ebf72bc6fda16193ee958f29ac452e6,Local; ignorado por Git,Exportacion externa y retencion pendientes
EV-048,RUN-D1-05,docs/quality/fase-7/evidence/RUN-D1-05/backend/htmlcov/z_407bf6225c0109c5_0002_person_birth_date_py.html,8618,e9e4423a1886093096137633f08a50373d14bffff4dc4a71bc2beca53c0acd7e,Local; ignorado por Git,Exportacion externa y retencion pendientes
EV-049,RUN-D1-05,docs/quality/fase-7/evidence/RUN-D1-05/backend/htmlcov/z_407bf6225c0109c5_0003_person_institutional_profile_py.html,13300,0fc85e956282534cbb1060f0091557fda50020c9e199ef322ac0f7c3f9cbc7ec,Local; ignorado por Git,Exportacion externa y retencion pendientes
EV-050,RUN-D1-05,docs/quality/fase-7/evidence/RUN-D1-05/backend/htmlcov/z_407bf6225c0109c5___init___py.html,4825,1d1de516c6fd3da71d744d3e43889c95bd5208a137f2851f9a4870e1e3393b1b,Local; ignorado por Git,Exportacion externa y retencion pendientes
EV-051,RUN-D1-05,docs/quality/fase-7/evidence/RUN-D1-05/backend/htmlcov/z_480c3212f4be9ce4___init___py.html,4724,5f9f3b208f058b81f714090620243e192b1a89d6a8f00a8459bf189ac8495684,Local; ignorado por Git,Exportacion externa y retencion pendientes
EV-052,RUN-D1-05,docs/quality/fase-7/evidence/RUN-D1-05/backend/htmlcov/z_480c3212f4be9ce4_check_backup_freshness_py.html,24132,77556c79fd672df5667ac09ce001931a2d2c11c66a66cc3fb09968a825ae8981,Local; ignorado por Git,Exportacion externa y retencion pendientes
EV-053,RUN-D1-05,docs/quality/fase-7/evidence/RUN-D1-05/backend/htmlcov/z_595b2443e90e2e54___init___py.html,4838,9640b46815ff7e832f0fee2258000e7f04b30010e6c1552fb4076838f35ce183,Local; ignorado por Git,Exportacion externa y retencion pendientes
EV-054,RUN-D1-05,docs/quality/fase-7/evidence/RUN-D1-05/backend/htmlcov/z_595b2443e90e2e54_seed_demo_data_py.html,192470,6d1512db0c11f390b63c8bb3b174639e57fe62e867028ea11a25f4a9eac211d5,Local; ignorado por Git,Exportacion externa y retencion pendientes
EV-055,RUN-D1-05,docs/quality/fase-7/evidence/RUN-D1-05/backend/htmlcov/z_5c7fd146721961ea___init___py.html,4643,ba94aafe0207af322dccd382ccbc6aa082a2b7b2cdf3c9652576ed95e08c4451,Local; ignorado por Git,Exportacion externa y retencion pendientes
EV-056,RUN-D1-05,docs/quality/fase-7/evidence/RUN-D1-05/backend/htmlcov/z_5c7fd146721961ea_permissions_py.html,15643,2e792eb73dbd61bc328a41cf2df5216c6987c4b44d31cab90033d1cfa78a9392,Local; ignorado por Git,Exportacion externa y retencion pendientes
EV-057,RUN-D1-05,docs/quality/fase-7/evidence/RUN-D1-05/backend/htmlcov/z_5c7fd146721961ea_serializers_py.html,83104,7ccc8ad107ec2cf47e17b4ea2592f60932f462f57d71c5d1e0f79e8ab3c04227,Local; ignorado por Git,Exportacion externa y retencion pendientes
EV-058,RUN-D1-05,docs/quality/fase-7/evidence/RUN-D1-05/backend/htmlcov/z_5c7fd146721961ea_urls_py.html,20521,da4b0efea7da3bf87b50d56b4b6521633056a902c65d7b1bf500f891e383757c,Local; ignorado por Git,Exportacion externa y retencion pendientes
EV-059,RUN-D1-05,docs/quality/fase-7/evidence/RUN-D1-05/backend/htmlcov/z_5c7fd146721961ea_views_py.html,100307,29e4c70ef1c9aa063dcee3a8b4ae20b0a3964733367fb3087ae78f42218ac52b,Local; ignorado por Git,Exportacion externa y retencion pendientes
EV-060,RUN-D1-05,docs/quality/fase-7/evidence/RUN-D1-05/backend/htmlcov/z_5dac05a40e3b9e6e___init___py.html,4645,8505296dfbff6794d4066f5d231b2a81aa47fe5fe3a453a125d3d361d1bf1c5d,Local; ignorado por Git,Exportacion externa y retencion pendientes
EV-061,RUN-D1-05,docs/quality/fase-7/evidence/RUN-D1-05/backend/htmlcov/z_5dac05a40e3b9e6e_serializers_py.html,28697,89069fc7ce8a37b7e65c57abe039e6c28feec1dda005e924e731e1e80275956d,Local; ignorado por Git,Exportacion externa y retencion pendientes
EV-062,RUN-D1-05,docs/quality/fase-7/evidence/RUN-D1-05/backend/htmlcov/z_5dac05a40e3b9e6e_urls_py.html,11871,35f8c79309f9f90592372139ed6ea3a3e174671c40617aa9a45ab67da703e071,Local; ignorado por Git,Exportacion externa y retencion pendientes
EV-063,RUN-D1-05,docs/quality/fase-7/evidence/RUN-D1-05/backend/htmlcov/z_5dac05a40e3b9e6e_views_py.html,59790,1e35f77971c35ca79f77a5f7479ac161cf95a2e305e5eebc30240772a7c75f62,Local; ignorado por Git,Exportacion externa y retencion pendientes
EV-064,RUN-D1-05,docs/quality/fase-7/evidence/RUN-D1-05/backend/htmlcov/z_619c122b90841b32___init___py.html,4600,d0a3e786f2a8810959475a269eac83f6dece3295853a49a5e1ec4a5eafc1b46c,Local; ignorado por Git,Exportacion externa y retencion pendientes
EV-065,RUN-D1-05,docs/quality/fase-7/evidence/RUN-D1-05/backend/htmlcov/z_619c122b90841b32_admin_py.html,7933,e93bfef90a63d4339aba8ddf7efebf505249bd6d42aa7512d018240000765507,Local; ignorado por Git,Exportacion externa y retencion pendientes
EV-066,RUN-D1-05,docs/quality/fase-7/evidence/RUN-D1-05/backend/htmlcov/z_619c122b90841b32_apps_py.html,5977,92f3234faeaf7a49e6e7c90233afafda463a9fa688fafb3a1860d4c02b0d12bb,Local; ignorado por Git,Exportacion externa y retencion pendientes
EV-067,RUN-D1-05,docs/quality/fase-7/evidence/RUN-D1-05/backend/htmlcov/z_619c122b90841b32_field_catalog_py.html,12264,a7971e7dca1b466af9ff61e44f86372eddd4ad92ff9484e3544aee219f1a23fb,Local; ignorado por Git,Exportacion externa y retencion pendientes
EV-068,RUN-D1-05,docs/quality/fase-7/evidence/RUN-D1-05/backend/htmlcov/z_619c122b90841b32_kind_catalog_py.html,8730,b25c8a4733f36e0d29ec7ff3204ffb2690e5c1184b0d95f8e357227af12f6b27,Local; ignorado por Git,Exportacion externa y retencion pendientes
EV-069,RUN-D1-05,docs/quality/fase-7/evidence/RUN-D1-05/backend/htmlcov/z_619c122b90841b32_models_py.html,123261,4d64b973a3b52ccbf7da6b1054f7e40e8c33f968bcc3677f836536be3f268c1f,Local; ignorado por Git,Exportacion externa y retencion pendientes
EV-070,RUN-D1-05,docs/quality/fase-7/evidence/RUN-D1-05/backend/htmlcov/z_619c122b90841b32_queries_py.html,30510,651a91354f7d17eeb98a05d402cb84778a900178bde1e842333ae68f180c4945,Local; ignorado por Git,Exportacion externa y retencion pendientes
EV-071,RUN-D1-05,docs/quality/fase-7/evidence/RUN-D1-05/backend/htmlcov/z_619c122b90841b32_services_py.html,481787,ebaef8f35f92af0caeb3a862d876ec1a0340301e2f9be1f0a6c8fa153fc72729,Local; ignorado por Git,Exportacion externa y retencion pendientes
EV-072,RUN-D1-05,docs/quality/fase-7/evidence/RUN-D1-05/backend/htmlcov/z_61ebedc1c9f61047___init___py.html,4803,d93e925c4d9c3cffffb8dee1a01a0ace0d5156989c40d1dd4b47afcac6b727cf,Local; ignorado por Git,Exportacion externa y retencion pendientes
EV-073,RUN-D1-05,docs/quality/fase-7/evidence/RUN-D1-05/backend/htmlcov/z_7a8305f579995ea8___init___py.html,4726,0a85ae40923d674d459eddd741688f029f962df2e1a3a2eaa9603c6289adf63b,Local; ignorado por Git,Exportacion externa y retencion pendientes
EV-074,RUN-D1-05,docs/quality/fase-7/evidence/RUN-D1-05/backend/htmlcov/z_7a8305f579995ea8_admin_py.html,11078,893251b8be2b2954e2ac7551ea2ca561eff50d97182c5992994bf9af4c026f0d,Local; ignorado por Git,Exportacion externa y retencion pendientes
EV-075,RUN-D1-05,docs/quality/fase-7/evidence/RUN-D1-05/backend/htmlcov/z_7a8305f579995ea8_apps_py.html,5953,21b1f983e8ddaa16ac0f80392dba76a6119efc004cce33d514eadb49faac218f,Local; ignorado por Git,Exportacion externa y retencion pendientes
EV-076,RUN-D1-05,docs/quality/fase-7/evidence/RUN-D1-05/backend/htmlcov/z_7a8305f579995ea8_backups_py.html,39351,5f6f9534700c2b30ebd33e1f3c462b524ec0afa09bb041f118e9f61e686c5248,Local; ignorado por Git,Exportacion externa y retencion pendientes
EV-077,RUN-D1-05,docs/quality/fase-7/evidence/RUN-D1-05/backend/htmlcov/z_7a8305f579995ea8_codes_py.html,24342,5c0f1b3c72b7a1226dd26674c4e501a564df77ad53a40c876d222d7bc738c3c1,Local; ignorado por Git,Exportacion externa y retencion pendientes
EV-078,RUN-D1-05,docs/quality/fase-7/evidence/RUN-D1-05/backend/htmlcov/z_7a8305f579995ea8_db_py.html,14175,7e3bf82b4d6a579d98f528390e86ef99bce5d4212ae3a70ef36b89c88cb76d9f,Local; ignorado por Git,Exportacion externa y retencion pendientes
EV-079,RUN-D1-05,docs/quality/fase-7/evidence/RUN-D1-05/backend/htmlcov/z_7a8305f579995ea8_exceptions_py.html,7307,018559b9f39e328425cdb810c8ee97a4a8cae2d11687c1eeb1ba06bd960ccf76,Local; ignorado por Git,Exportacion externa y retencion pendientes
EV-080,RUN-D1-05,docs/quality/fase-7/evidence/RUN-D1-05/backend/htmlcov/z_7a8305f579995ea8_management_base_py.html,13305,b312137a02c657431e34e34b404d4c4aadc5069a7c9ee4814b9debb300244f8c,Local; ignorado por Git,Exportacion externa y retencion pendientes
EV-081,RUN-D1-05,docs/quality/fase-7/evidence/RUN-D1-05/backend/htmlcov/z_7a8305f579995ea8_middleware_py.html,11251,d1e23d535f4ec4543b5b29960fd3efe6e216e1e1a8956aef9e5c65750aab0d5c,Local; ignorado por Git,Exportacion externa y retencion pendientes
EV-082,RUN-D1-05,docs/quality/fase-7/evidence/RUN-D1-05/backend/htmlcov/z_7a8305f579995ea8_models_py.html,25996,b4e654fcf1c7af2f3c24a76bdd759b50f44b45323ca4662173dc642556561b78,Local; ignorado por Git,Exportacion externa y retencion pendientes
EV-083,RUN-D1-05,docs/quality/fase-7/evidence/RUN-D1-05/backend/htmlcov/z_7a8305f579995ea8_opaque_py.html,11281,d007d059cbdfd91b6af579174ca0adedebf71bf26ad388416f91280e8fb7c1a8,Local; ignorado por Git,Exportacion externa y retencion pendientes
EV-084,RUN-D1-05,docs/quality/fase-7/evidence/RUN-D1-05/backend/htmlcov/z_7a8305f579995ea8_parsing_py.html,10023,864e98550d26a1b7760b0ccaa3d2175219c7999fed42c3bcfb79503c72c047ca,Local; ignorado por Git,Exportacion externa y retencion pendientes
EV-085,RUN-D1-05,docs/quality/fase-7/evidence/RUN-D1-05/backend/htmlcov/z_7a8305f579995ea8_qr_py.html,11172,02af18d0ac51148e6ee64141645d989f9aa7242d4c99423cc0ab604eec9cc733,Local; ignorado por Git,Exportacion externa y retencion pendientes
EV-086,RUN-D1-05,docs/quality/fase-7/evidence/RUN-D1-05/backend/htmlcov/z_7a8305f579995ea8_queries_py.html,11293,614e8431483d80f92006c1133885ea86f1cafe4d7c6c17bfc8cfd866cb02100e,Local; ignorado por Git,Exportacion externa y retencion pendientes
EV-087,RUN-D1-05,docs/quality/fase-7/evidence/RUN-D1-05/backend/htmlcov/z_7a8305f579995ea8_services_py.html,19427,5ddcf6bbc4af524db19662525418002e64e734c43935b3967c23d46de9be966a,Local; ignorado por Git,Exportacion externa y retencion pendientes
EV-088,RUN-D1-05,docs/quality/fase-7/evidence/RUN-D1-05/backend/htmlcov/z_7a8305f579995ea8_tasks_py.html,36183,ef53a6d34f688cb0573981a8dbfb0b6a1b03ee03d19b09e4ae4678309563f32e,Local; ignorado por Git,Exportacion externa y retencion pendientes
EV-089,RUN-D1-05,docs/quality/fase-7/evidence/RUN-D1-05/backend/htmlcov/z_7bf27e4b55380104___init___py.html,4643,c4f105dff4e783a06ca2f143b04faacf60848eca14e979ddac8cd758d18b475b,Local; ignorado por Git,Exportacion externa y retencion pendientes
EV-090,RUN-D1-05,docs/quality/fase-7/evidence/RUN-D1-05/backend/htmlcov/z_7bf27e4b55380104_serializers_py.html,20985,23c791b1939bd42f57fdc24398580b5827312b0c5eabfec4f89ee2f4da80dcab,Local; ignorado por Git,Exportacion externa y retencion pendientes
EV-091,RUN-D1-05,docs/quality/fase-7/evidence/RUN-D1-05/backend/htmlcov/z_7bf27e4b55380104_urls_py.html,8527,4f5ff2079edcbc9b760cd98f95d742054f5444955624cb8916d0f338a7c7129c,Local; ignorado por Git,Exportacion externa y retencion pendientes
EV-092,RUN-D1-05,docs/quality/fase-7/evidence/RUN-D1-05/backend/htmlcov/z_7bf27e4b55380104_views_py.html,17633,1663f801b2236752529d4a6fa645d7d17ff59e55345016743181d289f9815548,Local; ignorado por Git,Exportacion externa y retencion pendientes
EV-093,RUN-D1-05,docs/quality/fase-7/evidence/RUN-D1-05/backend/htmlcov/z_83bd443baa14fe5e_0001_initial_py.html,37726,8146775de274f901a13084167520d8aff17faf32bedac8fb102c46b271837106,Local; ignorado por Git,Exportacion externa y retencion pendientes
EV-094,RUN-D1-05,docs/quality/fase-7/evidence/RUN-D1-05/backend/htmlcov/z_83bd443baa14fe5e___init___py.html,4663,4fd3e6c88dcdfd4091e178a93213e9e94d04debcace41d7aa3574a3821b62551,Local; ignorado por Git,Exportacion externa y retencion pendientes
EV-095,RUN-D1-05,docs/quality/fase-7/evidence/RUN-D1-05/backend/htmlcov/z_856538dfb844156c_0001_initial_py.html,20811,30f5c833eef723ae005e3d74e666fe3fe523c048e35379795bfed7a66cb53c59,Local; ignorado por Git,Exportacion externa y retencion pendientes
EV-096,RUN-D1-05,docs/quality/fase-7/evidence/RUN-D1-05/backend/htmlcov/z_856538dfb844156c___init___py.html,4783,5e460986be4cf9900bec1e4eba7b38e010edeab9bd7f5f9b643728f3f875698c,Local; ignorado por Git,Exportacion externa y retencion pendientes
EV-097,RUN-D1-05,docs/quality/fase-7/evidence/RUN-D1-05/backend/htmlcov/z_85b873229704b19c___init___py.html,4643,de8d1732532fa9b3d1d18f874e95b2c357e2b02ff628a89ee33fa8868ddf8f80,Local; ignorado por Git,Exportacion externa y retencion pendientes
EV-098,RUN-D1-05,docs/quality/fase-7/evidence/RUN-D1-05/backend/htmlcov/z_85b873229704b19c_serializers_py.html,65040,2348a4316f1a2e1c1565eaef8c5562632eba19a026aad3632edf5a3d63cf36ec,Local; ignorado por Git,Exportacion externa y retencion pendientes
EV-099,RUN-D1-05,docs/quality/fase-7/evidence/RUN-D1-05/backend/htmlcov/z_85b873229704b19c_urls_py.html,24980,14a60c761cb12e4d29bd15d58262c027d9395987a12e58166922ac3fdb574e16,Local; ignorado por Git,Exportacion externa y retencion pendientes
EV-100,RUN-D1-05,docs/quality/fase-7/evidence/RUN-D1-05/backend/htmlcov/z_85b873229704b19c_views_py.html,135848,e5d25131ba54493b9a261a829e9ffee77df8406b5be48b10a2799f741f6f694e,Local; ignorado por Git,Exportacion externa y retencion pendientes
EV-101,RUN-D1-05,docs/quality/fase-7/evidence/RUN-D1-05/backend/htmlcov/z_87447be346ff6a76___init___py.html,4726,72b486105ec882146be90e99a18abf3d303a4c7ec7be96ad8076cfb411e1f833,Local; ignorado por Git,Exportacion externa y retencion pendientes
EV-102,RUN-D1-05,docs/quality/fase-7/evidence/RUN-D1-05/backend/htmlcov/z_87447be346ff6a76_admin_py.html,5869,9b8663efa5a3dd722b4d5d35145b86b9802342ae1b627f998d5c490869686d84,Local; ignorado por Git,Exportacion externa y retencion pendientes
EV-103,RUN-D1-05,docs/quality/fase-7/evidence/RUN-D1-05/backend/htmlcov/z_87447be346ff6a76_apps_py.html,5963,cf47f0e78917fac360d448bea50d5707cbc53f3cf664398656ddb99cdfbd5eea,Local; ignorado por Git,Exportacion externa y retencion pendientes
EV-104,RUN-D1-05,docs/quality/fase-7/evidence/RUN-D1-05/backend/htmlcov/z_87447be346ff6a76_models_py.html,15371,0b02f324370f6ab1aa46a0c49bf852cf0ded5c3d3c53c75a9f2d2d76a70bf69d,Local; ignorado por Git,Exportacion externa y retencion pendientes
EV-105,RUN-D1-05,docs/quality/fase-7/evidence/RUN-D1-05/backend/htmlcov/z_87447be346ff6a76_queries_py.html,11334,63a4400c738da025ffe02466d334646b97a34cb4c455505011642b7aaa123205,Local; ignorado por Git,Exportacion externa y retencion pendientes
EV-106,RUN-D1-05,docs/quality/fase-7/evidence/RUN-D1-05/backend/htmlcov/z_87447be346ff6a76_services_py.html,29869,e35ee7b7327490e470a07940a63e187d4776c50754c04b1b56b5d3549d0bc6a9,Local; ignorado por Git,Exportacion externa y retencion pendientes
EV-107,RUN-D1-05,docs/quality/fase-7/evidence/RUN-D1-05/backend/htmlcov/z_886b6e7f2cec2363___init___py.html,4831,f3068303a0fdfa6a224f9a2f399c4e0b955d6bc84f42e1283ae26fe9dfafac27,Local; ignorado por Git,Exportacion externa y retencion pendientes
EV-108,RUN-D1-05,docs/quality/fase-7/evidence/RUN-D1-05/backend/htmlcov/z_886b6e7f2cec2363_serializers_py.html,103929,32c65b9d69ef4e300ca452940d2a83ea7f4c4cb1455622ddd44c087ae8e8fbad,Local; ignorado por Git,Exportacion externa y retencion pendientes
EV-109,RUN-D1-05,docs/quality/fase-7/evidence/RUN-D1-05/backend/htmlcov/z_886b6e7f2cec2363_urls_py.html,16645,ebf71f64e28210d03c2a52262254cee6c4e97bffb99a1ca1c66c2c50a2518138,Local; ignorado por Git,Exportacion externa y retencion pendientes
EV-110,RUN-D1-05,docs/quality/fase-7/evidence/RUN-D1-05/backend/htmlcov/z_886b6e7f2cec2363_views_py.html,244784,924da32f9cec065af4826ee5dbbaa1f8764a66b3a70c5e428d96f219856e1548,Local; ignorado por Git,Exportacion externa y retencion pendientes
EV-111,RUN-D1-05,docs/quality/fase-7/evidence/RUN-D1-05/backend/htmlcov/z_88a95567edfcec81___init___py.html,4637,03c0d60ff232e11eaa92ea92b18af7814dfbb823845a2db840ac318f061ad78f,Local; ignorado por Git,Exportacion externa y retencion pendientes
EV-112,RUN-D1-05,docs/quality/fase-7/evidence/RUN-D1-05/backend/htmlcov/z_88a95567edfcec81_serializers_py.html,28223,9fe9f72934bb0412a5ba0afaf6f1b6e9f3032a91c52e0ee9b2cbc9d47354db8b,Local; ignorado por Git,Exportacion externa y retencion pendientes
EV-113,RUN-D1-05,docs/quality/fase-7/evidence/RUN-D1-05/backend/htmlcov/z_88a95567edfcec81_urls_py.html,10621,f336919cd052e7139a0004657d6f1bc15039dc3bb3ab67d3c23b60ab0ee9d6cb,Local; ignorado por Git,Exportacion externa y retencion pendientes
EV-114,RUN-D1-05,docs/quality/fase-7/evidence/RUN-D1-05/backend/htmlcov/z_88a95567edfcec81_views_py.html,54121,2163cde4cb6d5008eb42b1f7dbc3b561014b8eeffcea7fe928fef95ee4490fd5,Local; ignorado por Git,Exportacion externa y retencion pendientes
EV-115,RUN-D1-05,docs/quality/fase-7/evidence/RUN-D1-05/backend/htmlcov/z_894e53a37b1c455a___init___py.html,4750,faf229aafbb5b4a3665568e01994397a23dde760acd946c74846aa76b016a974,Local; ignorado por Git,Exportacion externa y retencion pendientes
EV-116,RUN-D1-05,docs/quality/fase-7/evidence/RUN-D1-05/backend/htmlcov/z_894e53a37b1c455a_check_document_storage_integrity_py.html,27745,81ff39ccba9c46195aff8ffdfb0d0d4c3e151aa69d378ddb78b4ee84138640d9,Local; ignorado por Git,Exportacion externa y retencion pendientes
EV-117,RUN-D1-05,docs/quality/fase-7/evidence/RUN-D1-05/backend/htmlcov/z_9544877238e3c133___init___py.html,4645,aa08993a8e9a74ed09537120bd91d9ceeec69bea910e08d9d0c3510555dbfc05,Local; ignorado por Git,Exportacion externa y retencion pendientes
EV-118,RUN-D1-05,docs/quality/fase-7/evidence/RUN-D1-05/backend/htmlcov/z_9544877238e3c133_serializers_py.html,92792,a2d413b00b825f47b55d3cc728aa6edc4db0d0a4da2d9535e4b55c377d8ad2b2,Local; ignorado por Git,Exportacion externa y retencion pendientes
EV-119,RUN-D1-05,docs/quality/fase-7/evidence/RUN-D1-05/backend/htmlcov/z_9544877238e3c133_urls_py.html,30603,728255aea3424c20bb4ed7f42d8aa915efb6b9b9ba68b300c59ef80aa2ea9f2a,Local; ignorado por Git,Exportacion externa y retencion pendientes
EV-120,RUN-D1-05,docs/quality/fase-7/evidence/RUN-D1-05/backend/htmlcov/z_9544877238e3c133_views_py.html,175213,0a8d078990f208fedb252e3a5c5bb7db2589946501bb503e63ea2d4e3b489850,Local; ignorado por Git,Exportacion externa y retencion pendientes
EV-121,RUN-D1-05,docs/quality/fase-7/evidence/RUN-D1-05/backend/htmlcov/z_99e224a47ca595a3___init___py.html,4748,1c572edecca68dd7c5724e6b342f690bda83ef82863ff5d2b167717fff8edc07,Local; ignorado por Git,Exportacion externa y retencion pendientes
EV-122,RUN-D1-05,docs/quality/fase-7/evidence/RUN-D1-05/backend/htmlcov/z_99e224a47ca595a3_exception_handler_py.html,20433,9c37da9eb8f2a41004e7592cc57faa8d97c34a74212678e99aeaaf1973ea1677,Local; ignorado por Git,Exportacion externa y retencion pendientes
EV-123,RUN-D1-05,docs/quality/fase-7/evidence/RUN-D1-05/backend/htmlcov/z_99e224a47ca595a3_serializers_py.html,6954,94ce854456b0363abef8ccc4f044f0c945cb2fede524cfb4d395d0a00d631ca7,Local; ignorado por Git,Exportacion externa y retencion pendientes
EV-124,RUN-D1-05,docs/quality/fase-7/evidence/RUN-D1-05/backend/htmlcov/z_99e224a47ca595a3_urls_py.html,18316,94453176599ad80915822d12c84d58c5252b1a9399909dfb18d85fba33b38c79,Local; ignorado por Git,Exportacion externa y retencion pendientes
EV-125,RUN-D1-05,docs/quality/fase-7/evidence/RUN-D1-05/backend/htmlcov/z_99e224a47ca595a3_views_py.html,55590,fd01a47a2c777beaaca357a5cf5dd7182aefd71ca8e68704a43c8ee9bc84d518,Local; ignorado por Git,Exportacion externa y retencion pendientes
EV-126,RUN-D1-05,docs/quality/fase-7/evidence/RUN-D1-05/backend/htmlcov/z_9e189ee61a034fc9___init___py.html,4643,cf0e20ffdc7e689c2e364aefe0fde4838e2fe9d0d59e42d4ec594cf99c704823,Local; ignorado por Git,Exportacion externa y retencion pendientes
EV-127,RUN-D1-05,docs/quality/fase-7/evidence/RUN-D1-05/backend/htmlcov/z_a00dbe786dbd660d___init___py.html,4734,314f82a1fe4d1b1a747a7d7031423611d6464a43be3113e9f3d2c14f26b7b98a,Local; ignorado por Git,Exportacion externa y retencion pendientes
EV-128,RUN-D1-05,docs/quality/fase-7/evidence/RUN-D1-05/backend/htmlcov/z_a00dbe786dbd660d_admin_py.html,6311,4cde636227dbc8df1d8f2625f0bd79282d2aec7bdde6f74ff5968c604dad8056,Local; ignorado por Git,Exportacion externa y retencion pendientes
EV-129,RUN-D1-05,docs/quality/fase-7/evidence/RUN-D1-05/backend/htmlcov/z_a00dbe786dbd660d_apps_py.html,5967,b30b32b3ada672e7b761bba4135ec59605df379bf666e59057f763be0672b356,Local; ignorado por Git,Exportacion externa y retencion pendientes
EV-130,RUN-D1-05,docs/quality/fase-7/evidence/RUN-D1-05/backend/htmlcov/z_a00dbe786dbd660d_events_py.html,5615,9bf8112e5135417666ad80a7928d1ac1af1b7eca90b98900831a0865d97681a1,Local; ignorado por Git,Exportacion externa y retencion pendientes
EV-131,RUN-D1-05,docs/quality/fase-7/evidence/RUN-D1-05/backend/htmlcov/z_a00dbe786dbd660d_models_py.html,69708,7dfe9dae128714c83c30c60c62b8350fceb15edb2464f84be6c11d7d56fa5293,Local; ignorado por Git,Exportacion externa y retencion pendientes
EV-132,RUN-D1-05,docs/quality/fase-7/evidence/RUN-D1-05/backend/htmlcov/z_a00dbe786dbd660d_queries_py.html,18825,e997449df885f9c9d8799bb8d96982aae9b30fba5ecbcebc36203b89c689c6ca,Local; ignorado por Git,Exportacion externa y retencion pendientes
EV-133,RUN-D1-05,docs/quality/fase-7/evidence/RUN-D1-05/backend/htmlcov/z_a00dbe786dbd660d_services_py.html,266535,9fbfa2987f192ce48ce74f2f609a0faa2762ed0b6598db2ffc4fc01802d65889,Local; ignorado por Git,Exportacion externa y retencion pendientes
EV-134,RUN-D1-05,docs/quality/fase-7/evidence/RUN-D1-05/backend/htmlcov/z_a34d3c9f6a4b55db___init___py.html,4639,5ed0ab79f19dbd6bb82aeb0494efd851b01d7519c7ede85d7ecf3114ee37fb56,Local; ignorado por Git,Exportacion externa y retencion pendientes
EV-135,RUN-D1-05,docs/quality/fase-7/evidence/RUN-D1-05/backend/htmlcov/z_a34d3c9f6a4b55db_serializers_py.html,22239,a0a0c7d6317222c02f9d6a206fb61a5867705be5db7f8c38c704c572da512ab7,Local; ignorado por Git,Exportacion externa y retencion pendientes
EV-136,RUN-D1-05,docs/quality/fase-7/evidence/RUN-D1-05/backend/htmlcov/z_a34d3c9f6a4b55db_urls_py.html,7235,4e3bf884f79bfdd7c3936b61f35a0b46a470ba3193a0c3c233ca519e4bfd0597,Local; ignorado por Git,Exportacion externa y retencion pendientes
EV-137,RUN-D1-05,docs/quality/fase-7/evidence/RUN-D1-05/backend/htmlcov/z_a34d3c9f6a4b55db_views_py.html,13467,56c6c5c63da5facef74d8013f80d227c72a3df2365ffee79afe64e290826df31,Local; ignorado por Git,Exportacion externa y retencion pendientes
EV-138,RUN-D1-05,docs/quality/fase-7/evidence/RUN-D1-05/backend/htmlcov/z_a7f194215d8e34a2_0001_initial_py.html,40980,ba250750fe88ea5b6936b46f984c3c2d27d94b9ec9ad973bea30b40c74bcbd76,Local; ignorado por Git,Exportacion externa y retencion pendientes
EV-139,RUN-D1-05,docs/quality/fase-7/evidence/RUN-D1-05/backend/htmlcov/z_a7f194215d8e34a2_0002_remove_student_photo_path_student_photo_py.html,10047,f4eef78a436a87db131ff62d441b7def6aec76e8aeb27fb701e47ac83dad53a4,Local; ignorado por Git,Exportacion externa y retencion pendientes
EV-140,RUN-D1-05,docs/quality/fase-7/evidence/RUN-D1-05/backend/htmlcov/z_a7f194215d8e34a2_0003_studentguardianrelation_current_primary_py.html,10451,294664d9fcf6394f840491cbf14fa7759dd8fb6527d4377e6c3fa81150e49ffa,Local; ignorado por Git,Exportacion externa y retencion pendientes
EV-141,RUN-D1-05,docs/quality/fase-7/evidence/RUN-D1-05/backend/htmlcov/z_a7f194215d8e34a2_0004_student_graduated_status_py.html,33717,594419e5784a81f07394292ade24a826c56786a818f53a920db2f877cc097d34,Local; ignorado por Git,Exportacion externa y retencion pendientes
EV-142,RUN-D1-05,docs/quality/fase-7/evidence/RUN-D1-05/backend/htmlcov/z_a7f194215d8e34a2_0005_merge_student_features_py.html,9587,b7189f334d69bf917593a3a92f0c31abc530d4b6172073330f208d515723ed87,Local; ignorado por Git,Exportacion externa y retencion pendientes
EV-143,RUN-D1-05,docs/quality/fase-7/evidence/RUN-D1-05/backend/htmlcov/z_a7f194215d8e34a2_0006_alter_guardian_options_alter_student_options_and_more_py.html,11301,627a1c3f450619bb253aafb9ccb1f4f92cb4f8d9d38b49d9420c48f9a7933815,Local; ignorado por Git,Exportacion externa y retencion pendientes
EV-144,RUN-D1-05,docs/quality/fase-7/evidence/RUN-D1-05/backend/htmlcov/z_a7f194215d8e34a2_0007_add_transferred_student_status_py.html,10367,79a44b73836af6946c6398a177638f0aea59f7f6da07fbcd9796cb211e9942a7,Local; ignorado por Git,Exportacion externa y retencion pendientes
EV-145,RUN-D1-05,docs/quality/fase-7/evidence/RUN-D1-05/backend/htmlcov/z_a7f194215d8e34a2___init___py.html,4833,c5f1cd92e2096217bee2692ff92309df30b33628d716b51ebf5306f698db2109,Local; ignorado por Git,Exportacion externa y retencion pendientes
EV-146,RUN-D1-05,docs/quality/fase-7/evidence/RUN-D1-05/backend/htmlcov/z_aa7f43d1af6c55c0___init___py.html,4730,feddab6b3d63429d424430982afb5a769e335464fa0f32a5a3f635e093bf6905,Local; ignorado por Git,Exportacion externa y retencion pendientes
EV-147,RUN-D1-05,docs/quality/fase-7/evidence/RUN-D1-05/backend/htmlcov/z_aa7f43d1af6c55c0_admin_py.html,7153,c96b5cb19f205da19370fc342c30188a3cefbd4297416ab3aea0e017bf772906,Local; ignorado por Git,Exportacion externa y retencion pendientes
EV-148,RUN-D1-05,docs/quality/fase-7/evidence/RUN-D1-05/backend/htmlcov/z_aa7f43d1af6c55c0_apps_py.html,5959,20d96e606055c0a4b3ccff9b32eec44a5570146a85241790349612d91c42394f,Local; ignorado por Git,Exportacion externa y retencion pendientes
EV-149,RUN-D1-05,docs/quality/fase-7/evidence/RUN-D1-05/backend/htmlcov/z_aa7f43d1af6c55c0_images_py.html,15845,e0f348016ce47f72d861c3e9efe195b2fc31f7f958119ebb23b0e3dd3538917c,Local; ignorado por Git,Exportacion externa y retencion pendientes
EV-150,RUN-D1-05,docs/quality/fase-7/evidence/RUN-D1-05/backend/htmlcov/z_aa7f43d1af6c55c0_models_py.html,43116,cb3f3094176152bbb22c3a1442f21c512d7ce62f63fc1f681c96bc8ece2fdfd8,Local; ignorado por Git,Exportacion externa y retencion pendientes
EV-151,RUN-D1-05,docs/quality/fase-7/evidence/RUN-D1-05/backend/htmlcov/z_aa7f43d1af6c55c0_queries_py.html,26720,9a3bd0180f974f13f7382460f851465932ad091c7a3aab3f61b4fa247fa4d257,Local; ignorado por Git,Exportacion externa y retencion pendientes
EV-152,RUN-D1-05,docs/quality/fase-7/evidence/RUN-D1-05/backend/htmlcov/z_aa7f43d1af6c55c0_services_py.html,134197,dd782f1e41f3780a421e06dc3f25c018b363b9fffb358b4d12b4184e9ee05115,Local; ignorado por Git,Exportacion externa y retencion pendientes
EV-153,RUN-D1-05,docs/quality/fase-7/evidence/RUN-D1-05/backend/htmlcov/z_aef4e70ef8f875e2___init___py.html,4773,34f77172c85901c60fe64321bcc340b6354c04595c9ab90772d0414f10d10cdd,Local; ignorado por Git,Exportacion externa y retencion pendientes
EV-154,RUN-D1-05,docs/quality/fase-7/evidence/RUN-D1-05/backend/htmlcov/z_aef4e70ef8f875e2_serializers_py.html,76319,98f02b3837f16c0fc7ac468860cfd7852a83e7c0a96d4c9bd084503a28ce3dd0,Local; ignorado por Git,Exportacion externa y retencion pendientes
EV-155,RUN-D1-05,docs/quality/fase-7/evidence/RUN-D1-05/backend/htmlcov/z_aef4e70ef8f875e2_urls_py.html,23390,3c993067845953b612a3156ea9c3c822b21d511b873f7e3510e09caea2e4f7d8,Local; ignorado por Git,Exportacion externa y retencion pendientes
EV-156,RUN-D1-05,docs/quality/fase-7/evidence/RUN-D1-05/backend/htmlcov/z_aef4e70ef8f875e2_views_py.html,151603,f295ddb29b7a85667f429f5c20d7eaa3fd749229acf57b97359827edf067df0b,Local; ignorado por Git,Exportacion externa y retencion pendientes
EV-157,RUN-D1-05,docs/quality/fase-7/evidence/RUN-D1-05/backend/htmlcov/z_af75cbc0d9236d01___init___py.html,4608,e49fcecbe024d3b2a065e938413e376754bea0527ae6e9cac748e1ea6383f358,Local; ignorado por Git,Exportacion externa y retencion pendientes
EV-158,RUN-D1-05,docs/quality/fase-7/evidence/RUN-D1-05/backend/htmlcov/z_af75cbc0d9236d01_admin_py.html,46608,79fb18c88db20ea3dec0ba980ba0d56b47c91cfeb10928d27007d3236628e703,Local; ignorado por Git,Exportacion externa y retencion pendientes
EV-159,RUN-D1-05,docs/quality/fase-7/evidence/RUN-D1-05/backend/htmlcov/z_af75cbc0d9236d01_apps_py.html,6757,afacb9747c12064d7fc72189be19c0222779d8af50821bda1d9793ca1caf2781,Local; ignorado por Git,Exportacion externa y retencion pendientes
EV-160,RUN-D1-05,docs/quality/fase-7/evidence/RUN-D1-05/backend/htmlcov/z_af75cbc0d9236d01_models_py.html,175677,27f658e654e8576731741fb311d9d5891ef74080f0fa5b836382b0870444817e,Local; ignorado por Git,Exportacion externa y retencion pendientes
EV-161,RUN-D1-05,docs/quality/fase-7/evidence/RUN-D1-05/backend/htmlcov/z_af75cbc0d9236d01_queries_py.html,40631,40cd3d7f7f3c04bdd64208a7745af8a19a851a01526c021c35e09fb11a9def19,Local; ignorado por Git,Exportacion externa y retencion pendientes
EV-162,RUN-D1-05,docs/quality/fase-7/evidence/RUN-D1-05/backend/htmlcov/z_af75cbc0d9236d01_receivers_py.html,12598,abb7f3eb587b1e1ecfac2119a4f2a10373fe78381f9d523f3a372066589de301,Local; ignorado por Git,Exportacion externa y retencion pendientes
EV-163,RUN-D1-05,docs/quality/fase-7/evidence/RUN-D1-05/backend/htmlcov/z_af75cbc0d9236d01_services_py.html,687942,a82663e58ee2cab37abce449341feda27cfef766ca50fe0c2ce80513a7804a8c,Local; ignorado por Git,Exportacion externa y retencion pendientes
EV-164,RUN-D1-05,docs/quality/fase-7/evidence/RUN-D1-05/backend/htmlcov/z_b7754841ed671b04___init___py.html,6668,8aac6546cd604563b8c68b0e93cc4fbe40a253dc78652f7dbdb8ae1e2d5432ab,Local; ignorado por Git,Exportacion externa y retencion pendientes
EV-165,RUN-D1-05,docs/quality/fase-7/evidence/RUN-D1-05/backend/htmlcov/z_b7754841ed671b04_admin_py.html,13393,f36d8b6c5d841abaff78d780e4e8ba4f530507e0a21c57a0873e4b81439bd8ad,Local; ignorado por Git,Exportacion externa y retencion pendientes
EV-166,RUN-D1-05,docs/quality/fase-7/evidence/RUN-D1-05/backend/htmlcov/z_b7754841ed671b04_apps_py.html,5979,cc2e50bcf7e13e942dc9f29b8bc79f1feaa957b1d38bac8e86310eeb923a136b,Local; ignorado por Git,Exportacion externa y retencion pendientes
EV-167,RUN-D1-05,docs/quality/fase-7/evidence/RUN-D1-05/backend/htmlcov/z_b7754841ed671b04_models_py.html,106083,925fb07f9e5036dbaae6c8d51e7eedb7de3dcd059111db365959436fc5d002e2,Local; ignorado por Git,Exportacion externa y retencion pendientes
EV-168,RUN-D1-05,docs/quality/fase-7/evidence/RUN-D1-05/backend/htmlcov/z_b7754841ed671b04_queries_py.html,52192,390fe3381ca012e05b1dec2919bb67adb1a0ff5f1ed2dfc6458082a440a7baf6,Local; ignorado por Git,Exportacion externa y retencion pendientes
EV-169,RUN-D1-05,docs/quality/fase-7/evidence/RUN-D1-05/backend/htmlcov/z_b7754841ed671b04_services_py.html,294576,e01a4d25aa8c72861dec06279f5a9b04c03125d4c3b5307c3b6bbcab010bc1d8,Local; ignorado por Git,Exportacion externa y retencion pendientes
EV-170,RUN-D1-05,docs/quality/fase-7/evidence/RUN-D1-05/backend/htmlcov/z_b7fcc67991b7ed0c_0001_initial_py.html,59442,1ec351ae8969977422a058343ee406b3f0fe2176ff9b40c6e49d5b98dad69133,Local; ignorado por Git,Exportacion externa y retencion pendientes
EV-171,RUN-D1-05,docs/quality/fase-7/evidence/RUN-D1-05/backend/htmlcov/z_b7fcc67991b7ed0c_0002_grade_py.html,18922,6bdea9d5be03c72550cc173fd79b3118fb2faccf7430b7ff4c6eac8895e0ad62,Local; ignorado por Git,Exportacion externa y retencion pendientes
EV-172,RUN-D1-05,docs/quality/fase-7/evidence/RUN-D1-05/backend/htmlcov/z_b7fcc67991b7ed0c_0003_grade_grade_value_within_scale_py.html,9875,924303a43be236e8e06ce1e257a4382aa5731ec8114001f63851ff3f8d7b6b49,Local; ignorado por Git,Exportacion externa y retencion pendientes
EV-173,RUN-D1-05,docs/quality/fase-7/evidence/RUN-D1-05/backend/htmlcov/z_b7fcc67991b7ed0c_0004_recoverygrade_py.html,19531,8afb492ced68428197cad1f88b16001503008adf7e9a3b7f96e3ca610a8db762,Local; ignorado por Git,Exportacion externa y retencion pendientes
EV-174,RUN-D1-05,docs/quality/fase-7/evidence/RUN-D1-05/backend/htmlcov/z_b7fcc67991b7ed0c___init___py.html,4859,544ef11aadada9138dea6539f295f97d9a9af5884dce3e5a52f41b9ae34fd5d4,Local; ignorado por Git,Exportacion externa y retencion pendientes
EV-175,RUN-D1-05,docs/quality/fase-7/evidence/RUN-D1-05/backend/htmlcov/z_beb74d83fa10c643_0001_initial_py.html,18268,ad5836526ba078f2e864f1930b8e15a376929ebd7a4b7c8bfdbab435fa777ceb,Local; ignorado por Git,Exportacion externa y retencion pendientes
EV-176,RUN-D1-05,docs/quality/fase-7/evidence/RUN-D1-05/backend/htmlcov/z_beb74d83fa10c643_0002_alter_teacher_options_py.html,8478,bd7cace3826fcefd22d8e3f3467b18e7b07795d080036ec097ec895ae473c6c9,Local; ignorado por Git,Exportacion externa y retencion pendientes
EV-177,RUN-D1-05,docs/quality/fase-7/evidence/RUN-D1-05/backend/htmlcov/z_beb74d83fa10c643___init___py.html,4689,09a0a847c6c9ed657e49f3e625713ca095a277d9815db08238b96d5b7987b6d8,Local; ignorado por Git,Exportacion externa y retencion pendientes
EV-178,RUN-D1-05,docs/quality/fase-7/evidence/RUN-D1-05/backend/htmlcov/z_c2c4290edc6296b4___init___py.html,4667,c69e19c5cf530e179b433284beff5311d1194ec9818b58d86e53d215e2d2afc5,Local; ignorado por Git,Exportacion externa y retencion pendientes
EV-179,RUN-D1-05,docs/quality/fase-7/evidence/RUN-D1-05/backend/htmlcov/z_c827906e1cedf06d___init___py.html,4606,c7fdc5ad6415a5ccf966b0f5e2fef24f5dacea8a32ce0211dd19b29fabc77f4e,Local; ignorado por Git,Exportacion externa y retencion pendientes
EV-180,RUN-D1-05,docs/quality/fase-7/evidence/RUN-D1-05/backend/htmlcov/z_c827906e1cedf06d_admin_py.html,9678,c27197d5edf0e1fa07733aadbff58b5ccabad597fd558ac3549f1f5295f4a79e,Local; ignorado por Git,Exportacion externa y retencion pendientes
EV-181,RUN-D1-05,docs/quality/fase-7/evidence/RUN-D1-05/backend/htmlcov/z_c827906e1cedf06d_apps_py.html,5975,919061d5812f4859f761f718057264fbd1cd878ff54a1c09598a47ba435dbc8e,Local; ignorado por Git,Exportacion externa y retencion pendientes
EV-182,RUN-D1-05,docs/quality/fase-7/evidence/RUN-D1-05/backend/htmlcov/z_c827906e1cedf06d_models_py.html,38863,348136a9a0814b10f4ee0feaf5973a72c74f12c789fda800ff4fe8ff1e23a68f,Local; ignorado por Git,Exportacion externa y retencion pendientes
EV-183,RUN-D1-05,docs/quality/fase-7/evidence/RUN-D1-05/backend/htmlcov/z_c827906e1cedf06d_queries_py.html,13062,443f449aef26f81121cb76cff968b569106700980950a4df095332752df98128,Local; ignorado por Git,Exportacion externa y retencion pendientes
EV-184,RUN-D1-05,docs/quality/fase-7/evidence/RUN-D1-05/backend/htmlcov/z_c827906e1cedf06d_services_py.html,117753,c41e2b494729ebb7479ee52f0ab2950753aac70c96d2f2ff421f9fb01168547d,Local; ignorado por Git,Exportacion externa y retencion pendientes
EV-185,RUN-D1-05,docs/quality/fase-7/evidence/RUN-D1-05/backend/htmlcov/z_da4476fc54dac40a_0001_initial_py.html,18682,852cb1481749adc995736cb53e8fe26fce4f9a54ff7ff1b9708ae879bd985751,Local; ignorado por Git,Exportacion externa y retencion pendientes
EV-186,RUN-D1-05,docs/quality/fase-7/evidence/RUN-D1-05/backend/htmlcov/z_da4476fc54dac40a___init___py.html,4781,93d602cb6d80a86d88343b9cd7eebb42ddf61587542dc7ecfe5d1fa93c5ab261,Local; ignorado por Git,Exportacion externa y retencion pendientes
EV-187,RUN-D1-05,docs/quality/fase-7/evidence/RUN-D1-05/backend/htmlcov/z_dfb5e366a60a8f31___init___py.html,4724,6738849626c6f014217bf9ba436e6c20d14c8e3441c40ce4791fbcbf8af2224b,Local; ignorado por Git,Exportacion externa y retencion pendientes
EV-188,RUN-D1-05,docs/quality/fase-7/evidence/RUN-D1-05/backend/htmlcov/z_dfb5e366a60a8f31_admin_py.html,11773,c6ada5466e9a04331dd5550c4500b13daba16896c305d8e078e56068a2ce968c,Local; ignorado por Git,Exportacion externa y retencion pendientes
EV-189,RUN-D1-05,docs/quality/fase-7/evidence/RUN-D1-05/backend/htmlcov/z_dfb5e366a60a8f31_apps_py.html,5955,a24e98c48120c87946beab6c3330e723d04a5f1214ad4f565650a140bef70bfa,Local; ignorado por Git,Exportacion externa y retencion pendientes
EV-190,RUN-D1-05,docs/quality/fase-7/evidence/RUN-D1-05/backend/htmlcov/z_dfb5e366a60a8f31_middleware_py.html,10024,181df0682b4daf250a536705a6ec9f876bf4876e84fcfc96b630c88bb3592275,Local; ignorado por Git,Exportacion externa y retencion pendientes
EV-191,RUN-D1-05,docs/quality/fase-7/evidence/RUN-D1-05/backend/htmlcov/z_dfb5e366a60a8f31_models_py.html,18266,3cdeaef9a9ae97ebc51ee2a9c54cb4e5909317cf3353f1ea7aa1c6739663b641,Local; ignorado por Git,Exportacion externa y retencion pendientes
EV-192,RUN-D1-05,docs/quality/fase-7/evidence/RUN-D1-05/backend/htmlcov/z_dfb5e366a60a8f31_services_py.html,84810,4ff70259dfc7e00adfe4f1be54ddbc9a9f55ca30f2b036a4f22a76f2963dc881,Local; ignorado por Git,Exportacion externa y retencion pendientes
EV-193,RUN-D1-05,docs/quality/fase-7/evidence/RUN-D1-05/backend/htmlcov/z_e234e3bdcbf1e394_0001_initial_py.html,78100,ebff32201405fc7ead55b427d6d4bb3bc18549b9f985018ad53b89116e4c0928,Local; ignorado por Git,Exportacion externa y retencion pendientes
EV-194,RUN-D1-05,docs/quality/fase-7/evidence/RUN-D1-05/backend/htmlcov/z_e234e3bdcbf1e394_0002_academic_catalogue_py.html,115112,30b473421ae0b44848809344ac0129e41358bf2695b5b979203b511ddd0f63d1,Local; ignorado por Git,Exportacion externa y retencion pendientes
EV-195,RUN-D1-05,docs/quality/fase-7/evidence/RUN-D1-05/backend/htmlcov/z_e234e3bdcbf1e394_0003_teaching_assignment_periods_py.html,17167,095d5e6cc58a86db486605ead19ce7f26d10999b2780dbd78822ad810b349ccc,Local; ignorado por Git,Exportacion externa y retencion pendientes
EV-196,RUN-D1-05,docs/quality/fase-7/evidence/RUN-D1-05/backend/htmlcov/z_e234e3bdcbf1e394_0004_academic_cycle_foundation_py.html,30527,b6958d350be917feec49d109a986604e04afc51b1dd5cf118fe691eca2ded774,Local; ignorado por Git,Exportacion externa y retencion pendientes
EV-197,RUN-D1-05,docs/quality/fase-7/evidence/RUN-D1-05/backend/htmlcov/z_e234e3bdcbf1e394_0005_curriculum_plan_unique_constraint_py.html,10107,4412d459ec1b47cd60191e33f8122a799dd5f7992ce16e7c64b58195eaa8dea1,Local; ignorado por Git,Exportacion externa y retencion pendientes
EV-198,RUN-D1-05,docs/quality/fase-7/evidence/RUN-D1-05/backend/htmlcov/z_e234e3bdcbf1e394_0006_precreate_mineduc_levels_py.html,22113,0dea9479dbe9610f1a6ebe73917378fefcfb80ac3302c6ccfaea31637afa808d,Local; ignorado por Git,Exportacion externa y retencion pendientes
EV-199,RUN-D1-05,docs/quality/fase-7/evidence/RUN-D1-05/backend/htmlcov/z_e234e3bdcbf1e394_0007_classscheduleblock_py.html,18276,429c2c7f419853f70890cb6a62f1ab11eac4b7d0080aadddda933df9ae28a1c8,Local; ignorado por Git,Exportacion externa y retencion pendientes
EV-200,RUN-D1-05,docs/quality/fase-7/evidence/RUN-D1-05/backend/htmlcov/z_e234e3bdcbf1e394_0008_classsession_py.html,20061,9f6bce5d2f6b686efe817d14cd71598db041762502e54a106e2bd1ac4c0fd0a9,Local; ignorado por Git,Exportacion externa y retencion pendientes
EV-201,RUN-D1-05,docs/quality/fase-7/evidence/RUN-D1-05/backend/htmlcov/z_e234e3bdcbf1e394_0009_classschedulepublication_py.html,14756,ab5ff68e0fd819e3226012c5effcaec2b6588ee0298f9a837a6bf877999057c4,Local; ignorado por Git,Exportacion externa y retencion pendientes
EV-202,RUN-D1-05,docs/quality/fase-7/evidence/RUN-D1-05/backend/htmlcov/z_e234e3bdcbf1e394_0010_classroom_py.html,17260,232b17f554dfbbc94ab2e623d358b6fbbfa53b316e5e6c8601cedfb9e628d1b0,Local; ignorado por Git,Exportacion externa y retencion pendientes
EV-203,RUN-D1-05,docs/quality/fase-7/evidence/RUN-D1-05/backend/htmlcov/z_e234e3bdcbf1e394_0011_class_session_classroom_py.html,9150,19be0598166087faebbbff5a68b472eddca6129b46817ae333aabc46dd699c81,Local; ignorado por Git,Exportacion externa y retencion pendientes
EV-204,RUN-D1-05,docs/quality/fase-7/evidence/RUN-D1-05/backend/htmlcov/z_e234e3bdcbf1e394_0012_classsession_starts_on_py.html,9542,3115be57550a058649c219c9f4e8521943bceae2c4d460081b74ab29d38d5d09,Local; ignorado por Git,Exportacion externa y retencion pendientes
EV-205,RUN-D1-05,docs/quality/fase-7/evidence/RUN-D1-05/backend/htmlcov/z_e234e3bdcbf1e394_0012_frozen_results_py.html,38250,8db1e4df473b18898f03e06151fee027e938342d8328d942dab731734e382ce6,Local; ignorado por Git,Exportacion externa y retencion pendientes
EV-206,RUN-D1-05,docs/quality/fase-7/evidence/RUN-D1-05/backend/htmlcov/z_e234e3bdcbf1e394_0013_section_default_classroom_py.html,10286,810daa6d71f2634cd39e43b3f4396dfc0278378a458e77e832c5c3c0543d6abe,Local; ignorado por Git,Exportacion externa y retencion pendientes
EV-207,RUN-D1-05,docs/quality/fase-7/evidence/RUN-D1-05/backend/htmlcov/z_e234e3bdcbf1e394_0014_merge_20260917_0931_py.html,7799,51182fe75b4bc32ef315044c9ebe7fe8a853588aaa16576d9b9781f1c5250575,Local; ignorado por Git,Exportacion externa y retencion pendientes
EV-208,RUN-D1-05,docs/quality/fase-7/evidence/RUN-D1-05/backend/htmlcov/z_e234e3bdcbf1e394_0015_merge_0012_frozen_results_0014_merge_20260917_0931_py.html,7783,485db63587c3293baca041635e6de5c32c347ef1994aaed7e438a53ab354e590,Local; ignorado por Git,Exportacion externa y retencion pendientes
EV-209,RUN-D1-05,docs/quality/fase-7/evidence/RUN-D1-05/backend/htmlcov/z_e234e3bdcbf1e394_0016_classroom_service_status_py.html,9799,ef7ec54feeeda9c345bee40ef3863684bc066b5e20a08807c9d64b0160b2f191,Local; ignorado por Git,Exportacion externa y retencion pendientes
EV-210,RUN-D1-05,docs/quality/fase-7/evidence/RUN-D1-05/backend/htmlcov/z_e234e3bdcbf1e394___init___py.html,4823,9ab1572b663187133b3ccaa965cd9afedf1287bd018dc00f1536060b5aa77440,Local; ignorado por Git,Exportacion externa y retencion pendientes
EV-211,RUN-D1-05,docs/quality/fase-7/evidence/RUN-D1-05/backend/htmlcov/z_e7427bc4e3935f37_0001_initial_py.html,20750,a07c773e810769ad72ad23a5bac92d43761422da5c079beabfa697a05710c76d,Local; ignorado por Git,Exportacion externa y retencion pendientes
EV-212,RUN-D1-05,docs/quality/fase-7/evidence/RUN-D1-05/backend/htmlcov/z_e7427bc4e3935f37_0002_attendanceevent_py.html,21058,92033659fab5434db78b00bad246ecc7fb82be6060f0c3c659f8fd9c75be6345,Local; ignorado por Git,Exportacion externa y retencion pendientes
EV-213,RUN-D1-05,docs/quality/fase-7/evidence/RUN-D1-05/backend/htmlcov/z_e7427bc4e3935f37_0003_attendancealert_py.html,20462,3242e533bbdf11edfeff871dfe323ff93aa2d7648e1f4b0cc312a017bb9c730b,Local; ignorado por Git,Exportacion externa y retencion pendientes
EV-214,RUN-D1-05,docs/quality/fase-7/evidence/RUN-D1-05/backend/htmlcov/z_e7427bc4e3935f37_0004_alter_attendancealert_alert_type_py.html,9473,1d812cc1237a2362c0c48218c665b9aeb4a6c1aa053d14c9986ad6c11449d354,Local; ignorado por Git,Exportacion externa y retencion pendientes
EV-215,RUN-D1-05,docs/quality/fase-7/evidence/RUN-D1-05/backend/htmlcov/z_e7427bc4e3935f37_0005_control_point_and_capture_fields_py.html,27212,87fe155d11a626dd585c834ec29bc8f6f622e5bc755ad6310290b861c2c05b2f,Local; ignorado por Git,Exportacion externa y retencion pendientes
EV-216,RUN-D1-05,docs/quality/fase-7/evidence/RUN-D1-05/backend/htmlcov/z_e7427bc4e3935f37_0006_opaque_student_identifier_py.html,20654,b1397933f68da53fcb4343a947308581c013644e363ee77a8ab0752ceca5b194,Local; ignorado por Git,Exportacion externa y retencion pendientes
EV-217,RUN-D1-05,docs/quality/fase-7/evidence/RUN-D1-05/backend/htmlcov/z_e7427bc4e3935f37_0007_manual_registration_reason_py.html,16498,127ed355bef6027bc316f7c8f57499e4d4c734ee1e175c3d41f9433a20d4472c,Local; ignorado por Git,Exportacion externa y retencion pendientes
EV-218,RUN-D1-05,docs/quality/fase-7/evidence/RUN-D1-05/backend/htmlcov/z_e7427bc4e3935f37_0008_credential_revocation_py.html,12485,d1dc6a7ab4e5e2a7230b6e0089347ad0c1f210a4b75ba20b075437220c4f9554,Local; ignorado por Git,Exportacion externa y retencion pendientes
EV-219,RUN-D1-05,docs/quality/fase-7/evidence/RUN-D1-05/backend/htmlcov/z_e7427bc4e3935f37_0009_control_point_movement_types_py.html,10359,ed2e8bf7134ff6bee40525883567b263f94ac03f02038941fffab77bb4722e57,Local; ignorado por Git,Exportacion externa y retencion pendientes
EV-220,RUN-D1-05,docs/quality/fase-7/evidence/RUN-D1-05/backend/htmlcov/z_e7427bc4e3935f37_0010_capture_batch_py.html,20018,ee5f37a11a8b8764fa16eac284689dff107e452dea8c41e00de99d492da09fb5,Local; ignorado por Git,Exportacion externa y retencion pendientes
EV-221,RUN-D1-05,docs/quality/fase-7/evidence/RUN-D1-05/backend/htmlcov/z_e7427bc4e3935f37_0010_studentcredential_revoked_on_movement_py.html,11168,966db5eac1e54489eded8bb92a393c790ff9e50e2b436e6794e11efa95dfd423,Local; ignorado por Git,Exportacion externa y retencion pendientes
EV-222,RUN-D1-05,docs/quality/fase-7/evidence/RUN-D1-05/backend/htmlcov/z_e7427bc4e3935f37_0011_capture_turn_session_py.html,8741,a8a76ab06214c0eb6756e138757af1fe6b2398a13f66f397490d1809df9f5a64,Local; ignorado por Git,Exportacion externa y retencion pendientes
EV-223,RUN-D1-05,docs/quality/fase-7/evidence/RUN-D1-05/backend/htmlcov/z_e7427bc4e3935f37_0011_merge_20260902_1743_py.html,7467,3bb8821ef8b2dfc6bc5c7651dbd2d4ea0006b383a167c326c2d52fbd86e8f9af,Local; ignorado por Git,Exportacion externa y retencion pendientes
EV-224,RUN-D1-05,docs/quality/fase-7/evidence/RUN-D1-05/backend/htmlcov/z_e7427bc4e3935f37_0011_merge_20260904_1340_py.html,7732,8c726ddff0248bfbab5a9921f9e3e497a952a57e8d9e004f8b578a53c133d3e8,Local; ignorado por Git,Exportacion externa y retencion pendientes
EV-225,RUN-D1-05,docs/quality/fase-7/evidence/RUN-D1-05/backend/htmlcov/z_e7427bc4e3935f37_0011_section_closure_log_py.html,18502,002ba886e954194c9458c3852e88ef754d59bd05b3394eaf201abef0097df8b3,Local; ignorado por Git,Exportacion externa y retencion pendientes
EV-226,RUN-D1-05,docs/quality/fase-7/evidence/RUN-D1-05/backend/htmlcov/z_e7427bc4e3935f37_0012_merge_20260904_2355_py.html,7812,2902e920157a7ff9d6462170d9500d202cde876935a4445a6c38025fde66edd8,Local; ignorado por Git,Exportacion externa y retencion pendientes
EV-227,RUN-D1-05,docs/quality/fase-7/evidence/RUN-D1-05/backend/htmlcov/z_e7427bc4e3935f37_0013_merge_capture_turn_session_py.html,7125,4f127386557d95dfeebd60dbd74b7b3646d8d305388622fa0aa84ce07578f460,Local; ignorado por Git,Exportacion externa y retencion pendientes
EV-228,RUN-D1-05,docs/quality/fase-7/evidence/RUN-D1-05/backend/htmlcov/z_e7427bc4e3935f37_0014_justification_py.html,25547,f0317994a7bbf2b5d058c99ffb3089915ed3f715d5d0b44dab032a4e6e0b4974,Local; ignorado por Git,Exportacion externa y retencion pendientes
EV-229,RUN-D1-05,docs/quality/fase-7/evidence/RUN-D1-05/backend/htmlcov/z_e7427bc4e3935f37_0015_justification_resolution_py.html,13901,f98c46f031f3084040b861ca40bd03fc1e3b8e07cfe2245e5b453dbd2bc34c91,Local; ignorado por Git,Exportacion externa y retencion pendientes
EV-230,RUN-D1-05,docs/quality/fase-7/evidence/RUN-D1-05/backend/htmlcov/z_e7427bc4e3935f37_0016_justification_notification_py.html,16062,99f36a8533b53b16c013fee0cef8783587e8b289faf5d460ab59b21551ed5aa9,Local; ignorado por Git,Exportacion externa y retencion pendientes
EV-231,RUN-D1-05,docs/quality/fase-7/evidence/RUN-D1-05/backend/htmlcov/z_e7427bc4e3935f37_0017_justification_attachment_py.html,18734,63b051f76ae747273653b31cf2a5642f235dec7077bb88872e1ff6d40181fce0,Local; ignorado por Git,Exportacion externa y retencion pendientes
EV-232,RUN-D1-05,docs/quality/fase-7/evidence/RUN-D1-05/backend/htmlcov/z_e7427bc4e3935f37_0018_justification_reason_catalog_py.html,18570,b7d6b0f480d2f4b90860b611f5630f00c186f59371404c8a5fa1be2d843969d3,Local; ignorado por Git,Exportacion externa y retencion pendientes
EV-233,RUN-D1-05,docs/quality/fase-7/evidence/RUN-D1-05/backend/htmlcov/z_e7427bc4e3935f37_0019_attendance_permit_py.html,22752,4fd24e89cef4075b0d2e70cddf8aab51af4fad560c601e2ac4bbf4b2edadb951,Local; ignorado por Git,Exportacion externa y retencion pendientes
EV-234,RUN-D1-05,docs/quality/fase-7/evidence/RUN-D1-05/backend/htmlcov/z_e7427bc4e3935f37___init___py.html,4685,0f9061d20b2470c7cf60e3244cb60f6d1c9c61a04e6385bf91fc3326b0315201,Local; ignorado por Git,Exportacion externa y retencion pendientes
EV-235,RUN-D1-05,docs/quality/fase-7/evidence/RUN-D1-05/backend/htmlcov/z_eaf1aed8613d87a2___init___py.html,4730,e1c1b370b99d7f28d193b922fc3d0671f3ab13779da2e0f1ff36bc2e65ca1f8c,Local; ignorado por Git,Exportacion externa y retencion pendientes
EV-236,RUN-D1-05,docs/quality/fase-7/evidence/RUN-D1-05/backend/htmlcov/z_eaf1aed8613d87a2_admin_py.html,9437,3eaf886155492cecdb379cdae9416577922aaffc26a270c2a26bdf188fbd71d8,Local; ignorado por Git,Exportacion externa y retencion pendientes
EV-237,RUN-D1-05,docs/quality/fase-7/evidence/RUN-D1-05/backend/htmlcov/z_eaf1aed8613d87a2_apps_py.html,5983,b6e05bd82a738f02f08ec4218b72b9f58295d4b70a9116ee041661a75f08823c,Local; ignorado por Git,Exportacion externa y retencion pendientes
EV-238,RUN-D1-05,docs/quality/fase-7/evidence/RUN-D1-05/backend/htmlcov/z_eaf1aed8613d87a2_atomic_permissions_py.html,21376,27084d4bd6d9bc66825ed60a687ef18dd649b07aa3992e8209636179fd67ee07,Local; ignorado por Git,Exportacion externa y retencion pendientes
EV-239,RUN-D1-05,docs/quality/fase-7/evidence/RUN-D1-05/backend/htmlcov/z_eaf1aed8613d87a2_middleware_py.html,19202,3ff6d64583d793db1730a9352788d5e837062e1ca89e79fbd1675e2c9d1a78c5,Local; ignorado por Git,Exportacion externa y retencion pendientes
EV-240,RUN-D1-05,docs/quality/fase-7/evidence/RUN-D1-05/backend/htmlcov/z_eaf1aed8613d87a2_models_py.html,75167,e9819fd763d2b86aeb999ecbecddb85aa5569bb16d5a5dc38335d088227add81,Local; ignorado por Git,Exportacion externa y retencion pendientes
EV-241,RUN-D1-05,docs/quality/fase-7/evidence/RUN-D1-05/backend/htmlcov/z_eaf1aed8613d87a2_queries_py.html,17275,91df9ebedde400b62bf39a43e8fd23816942f0e19d3b9500638c0459a59bc7f4,Local; ignorado por Git,Exportacion externa y retencion pendientes
EV-242,RUN-D1-05,docs/quality/fase-7/evidence/RUN-D1-05/backend/htmlcov/z_eaf1aed8613d87a2_scopes_py.html,132329,3c7c2074d09293bfecb4774b461edbe6588578b88681ec390e26081e2c7021b9,Local; ignorado por Git,Exportacion externa y retencion pendientes
EV-243,RUN-D1-05,docs/quality/fase-7/evidence/RUN-D1-05/backend/htmlcov/z_eaf1aed8613d87a2_serializers_py.html,28027,0b4356ac5b7af0b10d2a2fd2af37d94a260f1b7abde12e5d952b091bacc85ff8,Local; ignorado por Git,Exportacion externa y retencion pendientes
EV-244,RUN-D1-05,docs/quality/fase-7/evidence/RUN-D1-05/backend/htmlcov/z_eaf1aed8613d87a2_services_py.html,347569,8c3c57b8fda0d187049f837d65004ac193cb647738f6b8ca7d8e69e710a34b58,Local; ignorado por Git,Exportacion externa y retencion pendientes
EV-245,RUN-D1-05,docs/quality/fase-7/evidence/RUN-D1-05/backend/htmlcov/z_ec1977dbbe7596ff_0001_initial_py.html,22139,c813a8149bdc524b99b986e89e55bc9ee4d4960501b5eed35f5623304b65a197,Local; ignorado por Git,Exportacion externa y retencion pendientes
EV-246,RUN-D1-05,docs/quality/fase-7/evidence/RUN-D1-05/backend/htmlcov/z_ec1977dbbe7596ff_0002_enrolment_valid_effective_dates_py.html,9625,8f92926d0211bbf5770a582237f23685f8f2bf6a72dcc8e96625f4d26d8d66d7,Local; ignorado por Git,Exportacion externa y retencion pendientes
EV-247,RUN-D1-05,docs/quality/fase-7/evidence/RUN-D1-05/backend/htmlcov/z_ec1977dbbe7596ff_0003_enrolmentdocumentrequirement_py.html,17803,540aae1c66b9e0a43d3d552e349484a9a66922502467a8668ff8fd87d973b5b5,Local; ignorado por Git,Exportacion externa y retencion pendientes
EV-248,RUN-D1-05,docs/quality/fase-7/evidence/RUN-D1-05/backend/htmlcov/z_ec1977dbbe7596ff_0004_enrolment_duplicate_rules_py.html,30052,2d1543466b8f9978e44f8c792fe0e6fdd56b12f47e34f3294762b8de8c591e18,Local; ignorado por Git,Exportacion externa y retencion pendientes
EV-249,RUN-D1-05,docs/quality/fase-7/evidence/RUN-D1-05/backend/htmlcov/z_ec1977dbbe7596ff_0005_studentmovement_py.html,24116,4648ab7339c7bf90a2ac45981e90a21a292831a463db427202fee66a00c667cc,Local; ignorado por Git,Exportacion externa y retencion pendientes
EV-250,RUN-D1-05,docs/quality/fase-7/evidence/RUN-D1-05/backend/htmlcov/z_ec1977dbbe7596ff_0006_student_withdrawal_py.html,19667,c3ca4a4fd1420f98796ddc21d88215210425741aad331b1cac57e7efe3dd3197,Local; ignorado por Git,Exportacion externa y retencion pendientes
EV-251,RUN-D1-05,docs/quality/fase-7/evidence/RUN-D1-05/backend/htmlcov/z_ec1977dbbe7596ff_0007_studentmovementannulment_py.html,17557,ce0ee55be2ae870d3e502a615c8c10fe66a283aaca9925a7a43642981a96041d,Local; ignorado por Git,Exportacion externa y retencion pendientes
EV-252,RUN-D1-05,docs/quality/fase-7/evidence/RUN-D1-05/backend/htmlcov/z_ec1977dbbe7596ff___init___py.html,4825,1464ed756a516844037f71e14927bfebe891b2fa93864f286e9d3c60c9110a4e,Local; ignorado por Git,Exportacion externa y retencion pendientes
EV-253,RUN-D1-05,docs/quality/fase-7/evidence/RUN-D1-05/backend/htmlcov/z_ede0f9eb1cb75a94___init___py.html,4631,d73f87a31c902d3ca79c4c02f0f880e1a8fdc5cf4488b4b0870e3474ecd0897a,Local; ignorado por Git,Exportacion externa y retencion pendientes
EV-254,RUN-D1-05,docs/quality/fase-7/evidence/RUN-D1-05/backend/htmlcov/z_ede0f9eb1cb75a94_caching_py.html,19256,d7f8fb0ac4563812a41e2952a6fcf203c3cadcbb0bc9fe3a6f0c049bf92461e0,Local; ignorado por Git,Exportacion externa y retencion pendientes
EV-255,RUN-D1-05,docs/quality/fase-7/evidence/RUN-D1-05/backend/htmlcov/z_ede0f9eb1cb75a94_serializers_py.html,19386,373f5939ef190a16a652771276080789cd38aad06ab656ed38c6ab39729a2c93,Local; ignorado por Git,Exportacion externa y retencion pendientes
EV-256,RUN-D1-05,docs/quality/fase-7/evidence/RUN-D1-05/backend/htmlcov/z_ede0f9eb1cb75a94_urls_py.html,7770,c929c28375054de8736220c9bca2542a163aee2ca3edf93270b89cc5de9452bc,Local; ignorado por Git,Exportacion externa y retencion pendientes
EV-257,RUN-D1-05,docs/quality/fase-7/evidence/RUN-D1-05/backend/htmlcov/z_ede0f9eb1cb75a94_views_py.html,31048,fdb933da8b4ca7d434b8ed18bcd77850bda919c4cb194855d459d586e4a9b48a,Local; ignorado por Git,Exportacion externa y retencion pendientes
EV-258,RUN-D1-05,docs/quality/fase-7/evidence/RUN-D1-05/backend/htmlcov/z_f4af5c0665511097___init___py.html,4732,0ad736f29685628c291bf2b546108b38fb6df1ad710dfce7db19530eed17a93e,Local; ignorado por Git,Exportacion externa y retencion pendientes
EV-259,RUN-D1-05,docs/quality/fase-7/evidence/RUN-D1-05/backend/htmlcov/z_f4af5c0665511097_admin_py.html,12309,adfed4732482975fca45098f16522252a8aa3f4ff37695e28fcc927e761e9d1a,Local; ignorado por Git,Exportacion externa y retencion pendientes
EV-260,RUN-D1-05,docs/quality/fase-7/evidence/RUN-D1-05/backend/htmlcov/z_f4af5c0665511097_apps_py.html,5979,749b8b784ed446e578dcbf2643f3b2930ef20be224a0f885a1e744a125ddce98,Local; ignorado por Git,Exportacion externa y retencion pendientes
EV-261,RUN-D1-05,docs/quality/fase-7/evidence/RUN-D1-05/backend/htmlcov/z_f4af5c0665511097_cycle_policies_py.html,10849,46bf066e0d132c6876d2b2576a82eae9ca327a962bcbc01e245629c3b55d4d53,Local; ignorado por Git,Exportacion externa y retencion pendientes
EV-262,RUN-D1-05,docs/quality/fase-7/evidence/RUN-D1-05/backend/htmlcov/z_f4af5c0665511097_models_py.html,203377,3483fd0dce9fdd297e625b757cfc49db228fd65fda95db2ebe2ead9b02381307,Local; ignorado por Git,Exportacion externa y retencion pendientes
EV-263,RUN-D1-05,docs/quality/fase-7/evidence/RUN-D1-05/backend/htmlcov/z_f4af5c0665511097_queries_py.html,135653,91f8f520d677bad782fd40831caca33e5efbd10935ce035fc5672c2b41a59449,Local; ignorado por Git,Exportacion externa y retencion pendientes
EV-264,RUN-D1-05,docs/quality/fase-7/evidence/RUN-D1-05/backend/htmlcov/z_f4af5c0665511097_school_calendar_py.html,21476,44090fdf24549543de20e12a9daf8bb4d985e234b326d05546502b730eac0d0a,Local; ignorado por Git,Exportacion externa y retencion pendientes
EV-265,RUN-D1-05,docs/quality/fase-7/evidence/RUN-D1-05/backend/htmlcov/z_f4af5c0665511097_services_py.html,598679,90ad2071de7ef897184bf84a3b20667ad6b6971e492f24c6e98020b9eb8b27df,Local; ignorado por Git,Exportacion externa y retencion pendientes
EV-266,RUN-D1-05,docs/quality/fase-7/evidence/RUN-D1-05/backend/htmlcov/z_f9fa85df965f1120_0001_initial_py.html,18379,75a5ba09181095fbad03422f90b32bf0c14d708e0076b14999c261b75990c444,Local; ignorado por Git,Exportacion externa y retencion pendientes
EV-267,RUN-D1-05,docs/quality/fase-7/evidence/RUN-D1-05/backend/htmlcov/z_f9fa85df965f1120_0002_documenttemplateversion_py.html,22026,2a1d45decd1e2f520fd22070404fee1b10dffdfb60e6dd86e23462936ff48d71,Local; ignorado por Git,Exportacion externa y retencion pendientes
EV-268,RUN-D1-05,docs/quality/fase-7/evidence/RUN-D1-05/backend/htmlcov/z_f9fa85df965f1120_0003_documentrecord_py.html,25329,098efad9286feefdaceeb122426f57f7a7c2ce3e6762a029707b016b5cd4be07,Local; ignorado por Git,Exportacion externa y retencion pendientes
EV-269,RUN-D1-05,docs/quality/fase-7/evidence/RUN-D1-05/backend/htmlcov/z_f9fa85df965f1120_0004_documentdownloadtoken_and_unique_active_template_py.html,25645,0d2ee40a43f9feab635d319b31e466777730b6bbae641a6c0c564fbd77969f61,Local; ignorado por Git,Exportacion externa y retencion pendientes
EV-270,RUN-D1-05,docs/quality/fase-7/evidence/RUN-D1-05/backend/htmlcov/z_f9fa85df965f1120_0005_officialfolio_py.html,20992,d52f8702355fc317ea92666c80508a5a08a04f69333fd795e5e3da2da71d1c95,Local; ignorado por Git,Exportacion externa y retencion pendientes
EV-271,RUN-D1-05,docs/quality/fase-7/evidence/RUN-D1-05/backend/htmlcov/z_f9fa85df965f1120_0006_alter_documentdownloadtoken_expires_at_py.html,9431,599266e38c684008e876690f467476b58b83bf6518d50a22fa1225cee702a7a0,Local; ignorado por Git,Exportacion externa y retencion pendientes
EV-272,RUN-D1-05,docs/quality/fase-7/evidence/RUN-D1-05/backend/htmlcov/z_f9fa85df965f1120_0007_documenttemplate_content_fields_py.html,10338,668bb3fec13c242ed2fceea8e24d26a5832e5fa257a24744b0d184898dd99ea9,Local; ignorado por Git,Exportacion externa y retencion pendientes
EV-273,RUN-D1-05,docs/quality/fase-7/evidence/RUN-D1-05/backend/htmlcov/z_f9fa85df965f1120_0008_documentdeliveryreceipt_py.html,19033,0b4ef19d4f6da6f905594c3282faa22408aaec93d7cdeb4d2349666e884bd9ef,Local; ignorado por Git,Exportacion externa y retencion pendientes
EV-274,RUN-D1-05,docs/quality/fase-7/evidence/RUN-D1-05/backend/htmlcov/z_f9fa85df965f1120_0009_documentbatchrun_py.html,18182,08b0b244708534ef6d31a86e67aab9db631056f4546990271b81c2d3c65aa160,Local; ignorado por Git,Exportacion externa y retencion pendientes
EV-275,RUN-D1-05,docs/quality/fase-7/evidence/RUN-D1-05/backend/htmlcov/z_f9fa85df965f1120_0009_documentrecord_immutable_versions_py.html,21252,c98c67ce29722001bbfd38e8d5a5c6a80bb8d6292907ad6eb8ae1460374bf51b,Local; ignorado por Git,Exportacion externa y retencion pendientes
EV-276,RUN-D1-05,docs/quality/fase-7/evidence/RUN-D1-05/backend/htmlcov/z_f9fa85df965f1120_0010_documentverificationcode_py.html,16002,545b5604c97478878084e7f4459ffd3a9b0c1733ef7d760fe202f3433b55e11d,Local; ignorado por Git,Exportacion externa y retencion pendientes
EV-277,RUN-D1-05,docs/quality/fase-7/evidence/RUN-D1-05/backend/htmlcov/z_f9fa85df965f1120_0010_merge_document_versions_and_batch_runs_py.html,7933,c1ae88439c7dd32524b883fa31918e89a91ed8a47ec4cc3b5946adefe4620013,Local; ignorado por Git,Exportacion externa y retencion pendientes
EV-278,RUN-D1-05,docs/quality/fase-7/evidence/RUN-D1-05/backend/htmlcov/z_f9fa85df965f1120_0011_merge_document_verification_and_versions_py.html,7953,666e70a395b60468043c17c5bd3fea1004e47f9fd7b5cb32ac4dc7cc3c5e95dd,Local; ignorado por Git,Exportacion externa y retencion pendientes
EV-279,RUN-D1-05,docs/quality/fase-7/evidence/RUN-D1-05/backend/htmlcov/z_f9fa85df965f1120_0012_documentverificationcode_folio_py.html,9180,3da4bb26ba5657894414b628f71b3d465f54ce72dee8812818ee53e1372b24f1,Local; ignorado por Git,Exportacion externa y retencion pendientes
EV-280,RUN-D1-05,docs/quality/fase-7/evidence/RUN-D1-05/backend/htmlcov/z_f9fa85df965f1120_0013_documentkind_py.html,48446,a01eeba2d351d1e44a442aa25db89f382962bf9c5bf691258873f3dc0fadc6cb,Local; ignorado por Git,Exportacion externa y retencion pendientes
EV-281,RUN-D1-05,docs/quality/fase-7/evidence/RUN-D1-05/backend/htmlcov/z_f9fa85df965f1120___init___py.html,4673,9fef309d9284a6482374a1c47e69adfbb40a38a230b1b902349188662d684f08,Local; ignorado por Git,Exportacion externa y retencion pendientes
EV-282,RUN-D1-05,docs/quality/fase-7/evidence/RUN-D1-05/backend/junit.xml,300218,94d0392446d730f0064db7d029397594edf0a3df7706755db526d886d8d2ee0f,Local; ignorado por Git,Exportacion externa y retencion pendientes
EV-283,RUN-D1-06,docs/quality/fase-7/evidence/RUN-D1-06/backend/.coverage,94208,07e0dc8bc5d85992005040e2a3392e3c730e047b70dc71b4490522a8e5245422,Local; ignorado por Git,Exportacion externa y retencion pendientes
EV-284,RUN-D1-06,docs/quality/fase-7/evidence/RUN-D1-06/backend/coverage.xml,433010,113182c5cc9db9f9f853e9c0bfb436874ccd534af4386619ad27af6a84c08217,Local; ignorado por Git,Exportacion externa y retencion pendientes
EV-285,RUN-D1-06,docs/quality/fase-7/evidence/RUN-D1-06/backend/junit.xml,220826,ce89fa77076dc5d5e3706a5d16ec94f40110dc81356f90f372f17a8b4e35ed78,Local; ignorado por Git,Exportacion externa y retencion pendientes
EV-286,RUN-D1-06,docs/quality/fase-7/evidence/RUN-D1-06/compose.evidence.json,916,7645a154568d9194faa2633ad82169d98af8b7a4f03a28870f7f29ece986d82f,Local; ignorado por Git,Exportacion externa y retencion pendientes
EV-287,RUN-D1-06,docs/quality/fase-7/evidence/RUN-D1-06/frontend/coverage/academics/BulkAssignmentWindow.jsx.html,47521,cac0284023718ed014ed871ff227da80ea73aae969c6d72f927fad84661cbf1a,Local; ignorado por Git,Exportacion externa y retencion pendientes
EV-288,RUN-D1-06,docs/quality/fase-7/evidence/RUN-D1-06/frontend/coverage/academics/CampusesPage.jsx.html,52233,dd55feba65ac3ed5794ac413d7bc09fb9adf8df092a15b8d7c0a10d732248334,Local; ignorado por Git,Exportacion externa y retencion pendientes
EV-289,RUN-D1-06,docs/quality/fase-7/evidence/RUN-D1-06/frontend/coverage/academics/CloneAssignmentsWindow.jsx.html,57689,f91f6433684928b8bc1d37e3695122cc3d0f6c39ac5175748c1aa7ef196f2e9a,Local; ignorado por Git,Exportacion externa y retencion pendientes
EV-290,RUN-D1-06,docs/quality/fase-7/evidence/RUN-D1-06/frontend/coverage/academics/LevelsPage.jsx.html,79246,1b5f4b107ad4fa90f8da56b1444fd57ddccd7ba11f783737f5d47a0e2f370e34,Local; ignorado por Git,Exportacion externa y retencion pendientes
EV-291,RUN-D1-06,docs/quality/fase-7/evidence/RUN-D1-06/frontend/coverage/academics/RoomsPage.jsx.html,36636,cee71a811b703caedbef23350f17816ef61ec3cb69e27387a431ebab9be763c1,Local; ignorado por Git,Exportacion externa y retencion pendientes
EV-292,RUN-D1-06,docs/quality/fase-7/evidence/RUN-D1-06/frontend/coverage/academics/SubjectsPage.jsx.html,24618,1928390d5012540138291caa3446812e2476551a7aea6d81d090dc1e4d5dac7e,Local; ignorado por Git,Exportacion externa y retencion pendientes
EV-293,RUN-D1-06,docs/quality/fase-7/evidence/RUN-D1-06/frontend/coverage/academics/TeachingAssignmentsPage.jsx.html,50560,90ab816fc38bb44ae6b6ba8d53325b95d5951ae1aa9d3e8106baeb239d7afe29,Local; ignorado por Git,Exportacion externa y retencion pendientes
EV-294,RUN-D1-06,docs/quality/fase-7/evidence/RUN-D1-06/frontend/coverage/academics/academicsService.js.html,21732,8a99933bc0572ed3099e51fa0e8f709eab6a9b3e41c81dfc532f84ed890f07b4,Local; ignorado por Git,Exportacion externa y retencion pendientes
EV-295,RUN-D1-06,docs/quality/fase-7/evidence/RUN-D1-06/frontend/coverage/academics/index.html,10983,3c72983d774749242dc8f69a155ce736a2a857759fdeb05b45d312a943585eb8,Local; ignorado por Git,Exportacion externa y retencion pendientes
EV-296,RUN-D1-06,docs/quality/fase-7/evidence/RUN-D1-06/frontend/coverage/academics/orderPosition.js.html,14302,5a5e5a20c3ca78b913196f05d62b1467338b011b272fad4786a1140ed7a29ff7,Local; ignorado por Git,Exportacion externa y retencion pendientes
EV-297,RUN-D1-06,docs/quality/fase-7/evidence/RUN-D1-06/frontend/coverage/academics/useSubjectOptions.js.html,10846,4729b53c3c8f27a47d929a6b47afa3e9af22d6cb147f2607e59169031867bfa1,Local; ignorado por Git,Exportacion externa y retencion pendientes
EV-298,RUN-D1-06,docs/quality/fase-7/evidence/RUN-D1-06/frontend/coverage/app/App.jsx.html,8372,4fb0da552afa0c7fa45c9857e76dd17e94f13cc387a951bd72132fdca850919c,Local; ignorado por Git,Exportacion externa y retencion pendientes
EV-299,RUN-D1-06,docs/quality/fase-7/evidence/RUN-D1-06/frontend/coverage/app/index.html,6475,503654df71610660d686deac326a1e2c83eaaba2b584fc77b17c9073350aad99,Local; ignorado por Git,Exportacion externa y retencion pendientes
EV-300,RUN-D1-06,docs/quality/fase-7/evidence/RUN-D1-06/frontend/coverage/app/navigation.js.html,38589,55ea9f0a90d8e1fbbeb0b64f0923b8ebff8533616b9d0ea03846c901b2f7bb1c,Local; ignorado por Git,Exportacion externa y retencion pendientes
EV-301,RUN-D1-06,docs/quality/fase-7/evidence/RUN-D1-06/frontend/coverage/app/routes.jsx.html,18434,ca4e8e977bd937b7abd96be226a2d623af0f355fdd04ee182a4c7e65dafaaf16,Local; ignorado por Git,Exportacion externa y retencion pendientes
EV-302,RUN-D1-06,docs/quality/fase-7/evidence/RUN-D1-06/frontend/coverage/app/useModuleCounts.js.html,11907,16793fde30834ff5aad9e4d824272084786bf3c37f9a9643eab6f76f65005a2f,Local; ignorado por Git,Exportacion externa y retencion pendientes
EV-303,RUN-D1-06,docs/quality/fase-7/evidence/RUN-D1-06/frontend/coverage/attendance/AttendancePage.jsx.html,64920,8161a3f881623595636d7aa35b09ccf4f241f243b9183f8042df5073e3a54232,Local; ignorado por Git,Exportacion externa y retencion pendientes
EV-304,RUN-D1-06,docs/quality/fase-7/evidence/RUN-D1-06/frontend/coverage/attendance/AttendancePercentageProbe.jsx.html,25553,f90c1eda25f5df0d33f972f64e2271fdb3d131913bd03c833b4c4b6355345dfd,Local; ignorado por Git,Exportacion externa y retencion pendientes
EV-305,RUN-D1-06,docs/quality/fase-7/evidence/RUN-D1-06/frontend/coverage/attendance/AttendancePresenceWindow.jsx.html,32471,8388b9ca85ef1ebf3c022410dc37f6f272cddaf00390e4ddb2747aa737fee4c8,Local; ignorado por Git,Exportacion externa y retencion pendientes
EV-306,RUN-D1-06,docs/quality/fase-7/evidence/RUN-D1-06/frontend/coverage/attendance/DayStatusProbe.jsx.html,28675,2b8c468b1361c7aedda3110fa2e0d4c57c1e4dc4a4ef0119cfd26029813e0f7c,Local; ignorado por Git,Exportacion externa y retencion pendientes
EV-307,RUN-D1-06,docs/quality/fase-7/evidence/RUN-D1-06/frontend/coverage/attendance/JornadaParametersWindow.jsx.html,32781,7e69a6bde7bf8e3d6d30356ca067bce8b593186b99d4fcf471eceeef209ea02d,Local; ignorado por Git,Exportacion externa y retencion pendientes
EV-308,RUN-D1-06,docs/quality/fase-7/evidence/RUN-D1-06/frontend/coverage/attendance/ScanCaptureWindow.jsx.html,33317,300efa8990e5574ea5e2521894bf2f1792ad30afc8e8a8f80dad352661a1a68f,Local; ignorado por Git,Exportacion externa y retencion pendientes
EV-309,RUN-D1-06,docs/quality/fase-7/evidence/RUN-D1-06/frontend/coverage/attendance/SectionClosureWindow.jsx.html,29963,c78cd1c86d9f41093980dd53595bcc1969943d2afc8a9e579546cd03b5dd2e45,Local; ignorado por Git,Exportacion externa y retencion pendientes
EV-310,RUN-D1-06,docs/quality/fase-7/evidence/RUN-D1-06/frontend/coverage/attendance/attendanceService.js.html,18053,34ed87fed0eda5bc5fda8a023a95004a727620f2a300858b713ea91e38335d93,Local; ignorado por Git,Exportacion externa y retencion pendientes
EV-311,RUN-D1-06,docs/quality/fase-7/evidence/RUN-D1-06/frontend/coverage/attendance/index.html,9529,df8770a9bc160f21069eac163394db94fdc372a65be40523401985bc507c5e2c,Local; ignorado por Git,Exportacion externa y retencion pendientes
EV-312,RUN-D1-06,docs/quality/fase-7/evidence/RUN-D1-06/frontend/coverage/auth/AccountsPage.jsx.html,40116,b72889939b36c4e582cfbb32da90e9e0a0275537afb98c3fb9a773378f9e6bc7,Local; ignorado por Git,Exportacion externa y retencion pendientes
EV-313,RUN-D1-06,docs/quality/fase-7/evidence/RUN-D1-06/frontend/coverage/auth/AuthProvider.jsx.html,11977,a554c19f992a3cc31fe10fd65a5304df64b5a9207aa17e6fc903af6560d77d3a,Local; ignorado por Git,Exportacion externa y retencion pendientes
EV-314,RUN-D1-06,docs/quality/fase-7/evidence/RUN-D1-06/frontend/coverage/auth/ChangePasswordWindow.jsx.html,24964,390f45b240515aeaa3c306beebd777adafbc335987adcbc108558d34f8cadd63,Local; ignorado por Git,Exportacion externa y retencion pendientes
EV-315,RUN-D1-06,docs/quality/fase-7/evidence/RUN-D1-06/frontend/coverage/auth/LoginPage.jsx.html,22863,9f72598b50fe32bd1c8220c68883c81072804321a0fca289d46c56c65a1a85e8,Local; ignorado por Git,Exportacion externa y retencion pendientes
EV-316,RUN-D1-06,docs/quality/fase-7/evidence/RUN-D1-06/frontend/coverage/auth/accountsService.js.html,7869,2dced9c5017532a879fc1b5c2b306b519831d2a430afa3df6284bf8d04438ea2,Local; ignorado por Git,Exportacion externa y retencion pendientes
EV-317,RUN-D1-06,docs/quality/fase-7/evidence/RUN-D1-06/frontend/coverage/auth/authService.js.html,5201,a74d5fd00ab6b62f35d6d56d94444e8c41f35874de9bf67e41c3b08b23d4452d,Local; ignorado por Git,Exportacion externa y retencion pendientes
EV-318,RUN-D1-06,docs/quality/fase-7/evidence/RUN-D1-06/frontend/coverage/auth/context.js.html,3449,c5504cdf7fa6f75b28743b9aa3108f9a4d3b6a489cf73c59d6f1d79921e40a69,Local; ignorado por Git,Exportacion externa y retencion pendientes
EV-319,RUN-D1-06,docs/quality/fase-7/evidence/RUN-D1-06/frontend/coverage/auth/index.html,9843,c056d01ac5da14782ee29ddc8e0b2f14ba3bd37490800ac7e547504c5fccbc30,Local; ignorado por Git,Exportacion externa y retencion pendientes
EV-320,RUN-D1-06,docs/quality/fase-7/evidence/RUN-D1-06/frontend/coverage/auth/permissions.js.html,6443,400e3b8b38e39f690dd82da6b6e83fec529be2ebba48fc28d728400a0e321b16,Local; ignorado por Git,Exportacion externa y retencion pendientes
EV-321,RUN-D1-06,docs/quality/fase-7/evidence/RUN-D1-06/frontend/coverage/auth/useAuth.js.html,4464,6a3bdcb2855f88245cea2521472384db3704315ce28fc66d531a5048d395e701,Local; ignorado por Git,Exportacion externa y retencion pendientes
EV-322,RUN-D1-06,docs/quality/fase-7/evidence/RUN-D1-06/frontend/coverage/base.css,5394,3f876e51f0a46864ffa7665b4b7a1f5fb5f6f37fb6a28f014e2b12d82962c852,Local; ignorado por Git,Exportacion externa y retencion pendientes
EV-323,RUN-D1-06,docs/quality/fase-7/evidence/RUN-D1-06/frontend/coverage/block-navigation.js,2655,cd8db34b1fbeb973354a93f8b4133c7c7eab34cdda9429a0434be91384783b7e,Local; ignorado por Git,Exportacion externa y retencion pendientes
EV-324,RUN-D1-06,docs/quality/fase-7/evidence/RUN-D1-06/frontend/coverage/coverage-final.json,920509,a6800645450be7da30f1a56a087156a334d3e145ac1e5a6462a7cb57c6126afb,Local; ignorado por Git,Exportacion externa y retencion pendientes
EV-325,RUN-D1-06,docs/quality/fase-7/evidence/RUN-D1-06/frontend/coverage/cycles/CycleDetailWindow.jsx.html,34952,6bb4b98d755cd86d19910a40c63a5872d6a24b101331476e4efce8e029bd1c4a,Local; ignorado por Git,Exportacion externa y retencion pendientes
EV-326,RUN-D1-06,docs/quality/fase-7/evidence/RUN-D1-06/frontend/coverage/cycles/CycleFormWindow.jsx.html,37255,fcf87462492bb81f548f57787765c20d289edb66c32e8b0b2186d9766628abdb,Local; ignorado por Git,Exportacion externa y retencion pendientes
EV-327,RUN-D1-06,docs/quality/fase-7/evidence/RUN-D1-06/frontend/coverage/cycles/CyclesPage.jsx.html,28369,bafe1616bcc2149d3a17da4b10d8a1713765518b3d7b5b81ec6eb9a4ace9c9a9,Local; ignorado por Git,Exportacion externa y retencion pendientes
EV-328,RUN-D1-06,docs/quality/fase-7/evidence/RUN-D1-06/frontend/coverage/cycles/cyclesService.js.html,10059,2f97af00d311db0936c380b2c779f75a04a9b1d6598a1137882849bf7f4c0a75,Local; ignorado por Git,Exportacion externa y retencion pendientes
EV-329,RUN-D1-06,docs/quality/fase-7/evidence/RUN-D1-06/frontend/coverage/cycles/index.html,6601,c16d398d45163118fcbbe5d26b4c6418bc7f663038411a382aac76420aee7370,Local; ignorado por Git,Exportacion externa y retencion pendientes
EV-330,RUN-D1-06,docs/quality/fase-7/evidence/RUN-D1-06/frontend/coverage/dashboard/DashboardPage.jsx.html,29520,f85f84f28e26ae17576e093ce8e9abf990640c980d73ad8ed0026526073e38d3,Local; ignorado por Git,Exportacion externa y retencion pendientes
EV-331,RUN-D1-06,docs/quality/fase-7/evidence/RUN-D1-06/frontend/coverage/dashboard/HomePage.jsx.html,13883,a8278b750998666df77dcb955017b9b756ea9f04617b92a61d67b5383e39410c,Local; ignorado por Git,Exportacion externa y retencion pendientes
EV-332,RUN-D1-06,docs/quality/fase-7/evidence/RUN-D1-06/frontend/coverage/dashboard/index.html,5845,7ad25cd77c4a3d572bab062bbecd5e0931fce311fc594d99e2801ca18377f47c,Local; ignorado por Git,Exportacion externa y retencion pendientes
EV-333,RUN-D1-06,docs/quality/fase-7/evidence/RUN-D1-06/frontend/coverage/dashboard/useDashboardSummary.js.html,10372,843d700e4095bbf74e1beb221f28839478f8ded68a7f6f009979ea788fdce265,Local; ignorado por Git,Exportacion externa y retencion pendientes
EV-334,RUN-D1-06,docs/quality/fase-7/evidence/RUN-D1-06/frontend/coverage/documents/DocumentTypesPage.jsx.html,26123,91e30f597e8e885f7480e7e60dcad34e7b51575bdcbba822275a0ab652e4a113,Local; ignorado por Git,Exportacion externa y retencion pendientes
EV-335,RUN-D1-06,docs/quality/fase-7/evidence/RUN-D1-06/frontend/coverage/documents/FieldTagsWindow.jsx.html,16724,6023afae28ddbee2ce483588000b69f585d7a9c7d48e41680dbd0f0056b35d20,Local; ignorado por Git,Exportacion externa y retencion pendientes
EV-336,RUN-D1-06,docs/quality/fase-7/evidence/RUN-D1-06/frontend/coverage/documents/TemplatePreviewWindow.jsx.html,12713,04a49a7c105d1768626b453d163c94b4d48c054b01851e0ec8cdc5d393db1814,Local; ignorado por Git,Exportacion externa y retencion pendientes
EV-337,RUN-D1-06,docs/quality/fase-7/evidence/RUN-D1-06/frontend/coverage/documents/TemplateVersionsWindow.jsx.html,15378,116685d4b171b574ef23bf2f014232d7426227c0311d3b3dcf8619c9f94b4006,Local; ignorado por Git,Exportacion externa y retencion pendientes
EV-338,RUN-D1-06,docs/quality/fase-7/evidence/RUN-D1-06/frontend/coverage/documents/TemplatesPage.jsx.html,43274,ea2ad94ce812bbf3996db0cc260cedd2856778e59e31a62ace7cda103cdae063,Local; ignorado por Git,Exportacion externa y retencion pendientes
EV-339,RUN-D1-06,docs/quality/fase-7/evidence/RUN-D1-06/frontend/coverage/documents/documentsService.js.html,15499,24c44d4a18155b27ff10b1a9a3832af491bc52a26beea77343bcf950ecabc4e8,Local; ignorado por Git,Exportacion externa y retencion pendientes
EV-340,RUN-D1-06,docs/quality/fase-7/evidence/RUN-D1-06/frontend/coverage/documents/index.html,8074,0e073a74d32af9f3cfd6a8eb9393d44b3de15bed444ff25fcf11b238d156203e,Local; ignorado por Git,Exportacion externa y retencion pendientes
EV-341,RUN-D1-06,docs/quality/fase-7/evidence/RUN-D1-06/frontend/coverage/enrolments/BulkEnrolmentWindow.jsx.html,50507,3c4cc91071582de8f4bc493edd2ec0dc132ad81e9c48b64c341a09f99744a075,Local; ignorado por Git,Exportacion externa y retencion pendientes
EV-342,RUN-D1-06,docs/quality/fase-7/evidence/RUN-D1-06/frontend/coverage/enrolments/EnrolmentDocumentsWindow.jsx.html,42419,082763c3be98c3d6e195cf29298b27fd559d54a23553f28e329385a5787862ea,Local; ignorado por Git,Exportacion externa y retencion pendientes
EV-343,RUN-D1-06,docs/quality/fase-7/evidence/RUN-D1-06/frontend/coverage/enrolments/EnrolmentsPage.jsx.html,57855,826e4f68322abc7995ea520cbcaecd47fc1aa74c840db3dcec11741d3e9a604b,Local; ignorado por Git,Exportacion externa y retencion pendientes
EV-344,RUN-D1-06,docs/quality/fase-7/evidence/RUN-D1-06/frontend/coverage/enrolments/MovementHistoryWindow.jsx.html,14838,7c6094266ae2085cdbf2eed2f8a2554d7070750229430e1d6f97b4c86864f72e,Local; ignorado por Git,Exportacion externa y retencion pendientes
EV-345,RUN-D1-06,docs/quality/fase-7/evidence/RUN-D1-06/frontend/coverage/enrolments/enrolmentsService.js.html,12762,00580473c6294a150c395faf14998241d86e757c57ab3ea04eb151ad3e200191,Local; ignorado por Git,Exportacion externa y retencion pendientes
EV-346,RUN-D1-06,docs/quality/fase-7/evidence/RUN-D1-06/frontend/coverage/enrolments/index.html,7324,e96bc4109205fa7e2a6f591d55534a6265ead50337fed93dfbeef4bde3235a21,Local; ignorado por Git,Exportacion externa y retencion pendientes
EV-347,RUN-D1-06,docs/quality/fase-7/evidence/RUN-D1-06/frontend/coverage/evaluation/CaptureExceptionsWindow.jsx.html,28446,f92449085030954e08da8cf7a291fa0c677c70a63464f714489f008fb95ba8c1,Local; ignorado por Git,Exportacion externa y retencion pendientes
EV-348,RUN-D1-06,docs/quality/fase-7/evidence/RUN-D1-06/frontend/coverage/evaluation/CurrentAverageWindow.jsx.html,14538,2f64dd2be520db1acaeef2b24ce323a65218e15b4bf1a36f5bf565f50f0ec2d9,Local; ignorado por Git,Exportacion externa y retencion pendientes
EV-349,RUN-D1-06,docs/quality/fase-7/evidence/RUN-D1-06/frontend/coverage/evaluation/EvaluationPage.jsx.html,73545,f1fe58eb594dd1b269fd4d9805ccec8e35eb8219cdfac581e24f899ff770171a,Local; ignorado por Git,Exportacion externa y retencion pendientes
EV-350,RUN-D1-06,docs/quality/fase-7/evidence/RUN-D1-06/frontend/coverage/evaluation/FinalGradeWindow.jsx.html,21205,2e6a1838ae3eb3fb7290f1b61e84df3bdbabe1d53312cceb356f72de16aef3d6,Local; ignorado por Git,Exportacion externa y retencion pendientes
EV-351,RUN-D1-06,docs/quality/fase-7/evidence/RUN-D1-06/frontend/coverage/evaluation/GradesWindow.jsx.html,33160,fffa5ecd1686086c0066ad51a2bb7fad75c06253353c0371cd695106682009c4,Local; ignorado por Git,Exportacion externa y retencion pendientes
EV-352,RUN-D1-06,docs/quality/fase-7/evidence/RUN-D1-06/frontend/coverage/evaluation/evaluationService.js.html,17721,d73433faecce9be4c47cb6c3573dd6a6561146f0b6c0db54b9885282d6a53d79,Local; ignorado por Git,Exportacion externa y retencion pendientes
EV-353,RUN-D1-06,docs/quality/fase-7/evidence/RUN-D1-06/frontend/coverage/evaluation/index.html,7899,1407be7591ef1e5d1fec3c879f321beeed1b14c0a170a390f0cbe299ccf734b1,Local; ignorado por Git,Exportacion externa y retencion pendientes
EV-354,RUN-D1-06,docs/quality/fase-7/evidence/RUN-D1-06/frontend/coverage/favicon.png,445,5b0cfd52dc0bfbe544f4e1a9c77aa46b8629b0e0aad6c54f95eef457b86c2a89,Local; ignorado por Git,Exportacion externa y retencion pendientes
EV-355,RUN-D1-06,docs/quality/fase-7/evidence/RUN-D1-06/frontend/coverage/guardians/GuardiansPage.jsx.html,40080,274329058efc1e2918c8bf76ae9c92934e3ec1f2fb80574e46aa22711ef6ba7f,Local; ignorado por Git,Exportacion externa y retencion pendientes
EV-356,RUN-D1-06,docs/quality/fase-7/evidence/RUN-D1-06/frontend/coverage/guardians/guardiansService.js.html,6932,31cd16c51d174ddb4abbdf73d4d0d0a487ff8269def1f62794971ec59dd4a225,Local; ignorado por Git,Exportacion externa y retencion pendientes
EV-357,RUN-D1-06,docs/quality/fase-7/evidence/RUN-D1-06/frontend/coverage/guardians/index.html,5150,23f1c3eee969f2fab7bacd6e3c82d3152ed987f5bad7ab6a08c13d0a6f79a829,Local; ignorado por Git,Exportacion externa y retencion pendientes
EV-358,RUN-D1-06,docs/quality/fase-7/evidence/RUN-D1-06/frontend/coverage/index.html,24012,5954970f7419584ef61d2ef41776d915717aa43634974dc11d22cf7a65b6e318,Local; ignorado por Git,Exportacion externa y retencion pendientes
EV-359,RUN-D1-06,docs/quality/fase-7/evidence/RUN-D1-06/frontend/coverage/people/PersonasPage.jsx.html,29717,3b7128dbe88d01d400516e2e33463ce6d041ea0d3ac91208f997b9559d473f3b,Local; ignorado por Git,Exportacion externa y retencion pendientes
EV-360,RUN-D1-06,docs/quality/fase-7/evidence/RUN-D1-06/frontend/coverage/people/index.html,5151,e3ec53eb4ee9ec3944f790135fa8c47a3f3f206e5317ddb9e5dc8efc6effc21a,Local; ignorado por Git,Exportacion externa y retencion pendientes
EV-361,RUN-D1-06,docs/quality/fase-7/evidence/RUN-D1-06/frontend/coverage/people/peopleService.js.html,8519,d219bbfb746c65059a4fe947d6003e53cc44e74df941e17079714321b40385ab,Local; ignorado por Git,Exportacion externa y retencion pendientes
EV-362,RUN-D1-06,docs/quality/fase-7/evidence/RUN-D1-06/frontend/coverage/prettify.css,676,ea3fe433f9450698ca8a230271688e7aeec12f99c8a7ef6c94379abb38f27823,Local; ignorado por Git,Exportacion externa y retencion pendientes
EV-363,RUN-D1-06,docs/quality/fase-7/evidence/RUN-D1-06/frontend/coverage/prettify.js,17590,fa1b1e1b906ddcfa08b46f161c0f924f506e1a31b4f3e09b8caaa2463ef52c18,Local; ignorado por Git,Exportacion externa y retencion pendientes
EV-364,RUN-D1-06,docs/quality/fase-7/evidence/RUN-D1-06/frontend/coverage/reporting/AbsenceThresholdsWindow.jsx.html,30454,d12197ba304516f55c64b307f8d933a89671f20e3e8e9c966288efe9855d1b13,Local; ignorado por Git,Exportacion externa y retencion pendientes
EV-365,RUN-D1-06,docs/quality/fase-7/evidence/RUN-D1-06/frontend/coverage/reporting/AlertEvaluationWindow.jsx.html,23045,78edf5f18df1fe21110029e4ba1a0e62af0eff1603ff6a35571a1639f2fc8d3f,Local; ignorado por Git,Exportacion externa y retencion pendientes
EV-366,RUN-D1-06,docs/quality/fase-7/evidence/RUN-D1-06/frontend/coverage/reporting/AlertsPage.jsx.html,41616,4347c1ee9b66c4dba314705292a4267699de076092cc874f93ba2bcd3bc693be,Local; ignorado por Git,Exportacion externa y retencion pendientes
EV-367,RUN-D1-06,docs/quality/fase-7/evidence/RUN-D1-06/frontend/coverage/reporting/index.html,6553,d2f3132d0f8ae41d41622fd51278ba70d620f3e3ac5f4c51de1a5a3c817716de,Local; ignorado por Git,Exportacion externa y retencion pendientes
EV-368,RUN-D1-06,docs/quality/fase-7/evidence/RUN-D1-06/frontend/coverage/reporting/reportingService.js.html,9316,00523fb3b98f7e068e2d8d76ee5fa9a435edde464bcf42c54996f5a83de740a6,Local; ignorado por Git,Exportacion externa y retencion pendientes
EV-369,RUN-D1-06,docs/quality/fase-7/evidence/RUN-D1-06/frontend/coverage/shared/api/apiClient.js.html,14700,e98febcb40556d68e51f98fb5ecf0841e232b18fa27a4c23fdbd8b811f0d27ff,Local; ignorado por Git,Exportacion externa y retencion pendientes
EV-370,RUN-D1-06,docs/quality/fase-7/evidence/RUN-D1-06/frontend/coverage/shared/api/index.html,7864,3283aac06b5b446392cd775dd6da96ccf3dd57310e2e0c59bd6d4e46ffd23746,Local; ignorado por Git,Exportacion externa y retencion pendientes
EV-371,RUN-D1-06,docs/quality/fase-7/evidence/RUN-D1-06/frontend/coverage/shared/api/pages.js.html,6362,01664fd234959810e55bbdfece2acf0592dcc6167f045e6577a28b231396c578,Local; ignorado por Git,Exportacion externa y retencion pendientes
EV-372,RUN-D1-06,docs/quality/fase-7/evidence/RUN-D1-06/frontend/coverage/shared/api/query.js.html,7006,0d26fba6e350bbd3a18cfdca9b9c48dcf96f8dc8c785c3b7e35f2465970469f9,Local; ignorado por Git,Exportacion externa y retencion pendientes
EV-373,RUN-D1-06,docs/quality/fase-7/evidence/RUN-D1-06/frontend/coverage/shared/api/queryClient.js.html,5904,39e1f586cbc6a0611adfdb1ed82eaeb43e52ec0a3bf36db487e33bbc13b1f164,Local; ignorado por Git,Exportacion externa y retencion pendientes
EV-374,RUN-D1-06,docs/quality/fase-7/evidence/RUN-D1-06/frontend/coverage/shared/api/queryKeys.js.html,7553,eb23bf2e1e009ad421d6e3af0d80e8e6cee52b4fe567b841ccb27bf43eafa69c,Local; ignorado por Git,Exportacion externa y retencion pendientes
EV-375,RUN-D1-06,docs/quality/fase-7/evidence/RUN-D1-06/frontend/coverage/shared/api/useResourceQuery.js.html,7279,48243a92dd3e7f417bf8ade0e4ae1f7c75f489cd57c30df46d41ae997c594e8e,Local; ignorado por Git,Exportacion externa y retencion pendientes
EV-376,RUN-D1-06,docs/quality/fase-7/evidence/RUN-D1-06/frontend/coverage/shared/catalogs/academicCatalogs.js.html,43194,ef9737469b2ffd6506bfe705195b84fe0fc01753651d2a7bcc56b365e7527430,Local; ignorado por Git,Exportacion externa y retencion pendientes
EV-377,RUN-D1-06,docs/quality/fase-7/evidence/RUN-D1-06/frontend/coverage/shared/catalogs/index.html,5937,0b8efcc9f6ffda7e7769569f6e20f2e6fe53d672d52800a79b3005abe2b7b94c,Local; ignorado por Git,Exportacion externa y retencion pendientes
EV-378,RUN-D1-06,docs/quality/fase-7/evidence/RUN-D1-06/frontend/coverage/shared/catalogs/useCatalogOptions.js.html,12703,fb783d4778b2c7ba9fe7d0df9943faa98ae7bea723a88e1464754aa19802efdd,Local; ignorado por Git,Exportacion externa y retencion pendientes
EV-379,RUN-D1-06,docs/quality/fase-7/evidence/RUN-D1-06/frontend/coverage/shared/catalogs/useSearchableCatalog.js.html,9600,e4863a6790b637db381d6a0a2696e9a3a30f97e8336ca5109e2fd8ca6530320b,Local; ignorado por Git,Exportacion externa y retencion pendientes
EV-380,RUN-D1-06,docs/quality/fase-7/evidence/RUN-D1-06/frontend/coverage/shared/constants/chipMaps.js.html,7099,cf6f7f8336e2dded149bbe03313141235b7816a45f544e8ad4e1ef1e78902690,Local; ignorado por Git,Exportacion externa y retencion pendientes
EV-381,RUN-D1-06,docs/quality/fase-7/evidence/RUN-D1-06/frontend/coverage/shared/constants/index.html,4423,8c87e2f169722e20b38f32822e63dc958884b7487689dcbc02da90351d0a50d9,Local; ignorado por Git,Exportacion externa y retencion pendientes
EV-382,RUN-D1-06,docs/quality/fase-7/evidence/RUN-D1-06/frontend/coverage/shared/crud/BatchResultAlert.jsx.html,8450,fde0c37ac78d397d0396041534b95f3c8e08e9232b7e7419231c087110f83065,Local; ignorado por Git,Exportacion externa y retencion pendientes
EV-383,RUN-D1-06,docs/quality/fase-7/evidence/RUN-D1-06/frontend/coverage/shared/crud/EntityFormWindow.jsx.html,54593,f857ce9fdb3e11d3718d3acc08907e1be606dfe18f980234530c24c631b22c88,Local; ignorado por Git,Exportacion externa y retencion pendientes
EV-384,RUN-D1-06,docs/quality/fase-7/evidence/RUN-D1-06/frontend/coverage/shared/crud/ListSection.jsx.html,17707,c9c06d93ca4ddbc81104b6fe8ef9be5784d647dbefd19dfa7c1d61b6c385bfc7,Local; ignorado por Git,Exportacion externa y retencion pendientes
EV-385,RUN-D1-06,docs/quality/fase-7/evidence/RUN-D1-06/frontend/coverage/shared/crud/index.html,8700,97f9a74ef154ac0324aab43735c5f8288c635ddfc5efc90f37ac580afcad641e,Local; ignorado por Git,Exportacion externa y retencion pendientes
EV-386,RUN-D1-06,docs/quality/fase-7/evidence/RUN-D1-06/frontend/coverage/shared/crud/suggestion.js.html,6867,1efedd8c765b74c9dee7328947b8ba559b2dedb6aafd88d0eac1fa509c3ceadf,Local; ignorado por Git,Exportacion externa y retencion pendientes
EV-387,RUN-D1-06,docs/quality/fase-7/evidence/RUN-D1-06/frontend/coverage/shared/crud/useBatchSubmit.js.html,11128,8f8798de2655389796d8443490150a612fa52efe307830f6fe56be06969a6f4b,Local; ignorado por Git,Exportacion externa y retencion pendientes
EV-388,RUN-D1-06,docs/quality/fase-7/evidence/RUN-D1-06/frontend/coverage/shared/crud/useLocalList.js.html,18218,5ee49f3c614e58333341c653814857823a2d12f2b45bfc6c45ee128dbe82bd32,Local; ignorado por Git,Exportacion externa y retencion pendientes
EV-389,RUN-D1-06,docs/quality/fase-7/evidence/RUN-D1-06/frontend/coverage/shared/crud/usePaginatedList.js.html,14574,29c536613d8eefc8cdca9ddfe37f8ac6cd955c9bbbeeb65d9006339d85060a5a,Local; ignorado por Git,Exportacion externa y retencion pendientes
EV-390,RUN-D1-06,docs/quality/fase-7/evidence/RUN-D1-06/frontend/coverage/shared/hooks/index.html,4434,f940be2a0eb0df1fccad4630107d842af67e7492c0b1fefaa679be0a957115a8,Local; ignorado por Git,Exportacion externa y retencion pendientes
EV-391,RUN-D1-06,docs/quality/fase-7/evidence/RUN-D1-06/frontend/coverage/shared/hooks/useBodyScrollLock.js.html,4900,764160c7faa3bc04f3ae7c2d72cae4f1d78d8301b8db334d95cab702ce8832ba,Local; ignorado por Git,Exportacion externa y retencion pendientes
EV-392,RUN-D1-06,docs/quality/fase-7/evidence/RUN-D1-06/frontend/coverage/shared/layout/AppShell.jsx.html,28368,ef7d69380678a2ff8d5c7e7077cc2f0821c9c14881606e9becaeedf6daed0741,Local; ignorado por Git,Exportacion externa y retencion pendientes
EV-393,RUN-D1-06,docs/quality/fase-7/evidence/RUN-D1-06/frontend/coverage/shared/layout/BrandMark.jsx.html,10643,6b289b77c0ee996b1d888c4505b4e52657640799d0159ecbe6d0f8ffb54b0a0a,Local; ignorado por Git,Exportacion externa y retencion pendientes
EV-394,RUN-D1-06,docs/quality/fase-7/evidence/RUN-D1-06/frontend/coverage/shared/layout/ColorModeToggle.jsx.html,9377,8124332bb4525a637bd98e10cc1813f85b42c0ed4261aca8f9df190c7034797d,Local; ignorado por Git,Exportacion externa y retencion pendientes
EV-395,RUN-D1-06,docs/quality/fase-7/evidence/RUN-D1-06/frontend/coverage/shared/layout/PublicShell.jsx.html,10702,89dcbf9c191e6c1555d07975aa980bfe1514f191f7f191115899ff00d365130c,Local; ignorado por Git,Exportacion externa y retencion pendientes
EV-396,RUN-D1-06,docs/quality/fase-7/evidence/RUN-D1-06/frontend/coverage/shared/layout/Sidebar.jsx.html,22742,bfc9ce88172b3066c62b1832044f3f78fb5148f82667f15cee71da35e04ee434,Local; ignorado por Git,Exportacion externa y retencion pendientes
EV-397,RUN-D1-06,docs/quality/fase-7/evidence/RUN-D1-06/frontend/coverage/shared/layout/UserMenu.jsx.html,25734,33e73e88b4f9eca8792327806a43924c68786751aff5ec020b1ab68f2aacc7b9,Local; ignorado por Git,Exportacion externa y retencion pendientes
EV-398,RUN-D1-06,docs/quality/fase-7/evidence/RUN-D1-06/frontend/coverage/shared/layout/index.html,7918,d3b65d31f3ad89aa5376a9edcdf8364cbca9d46389a642197e422e18ea6aa70b,Local; ignorado por Git,Exportacion externa y retencion pendientes
EV-399,RUN-D1-06,docs/quality/fase-7/evidence/RUN-D1-06/frontend/coverage/shared/platform/camera.js.html,11051,b246b19ef4076ce16ea0444ff6530c63a403f7fe77d56daad5b559800a90a666,Local; ignorado por Git,Exportacion externa y retencion pendientes
EV-400,RUN-D1-06,docs/quality/fase-7/evidence/RUN-D1-06/frontend/coverage/shared/platform/index.html,4457,7fb5a9c058dd89afec3c6d834131b2ed5babab1b74c57dccdc38618a17bff756,Local; ignorado por Git,Exportacion externa y retencion pendientes
EV-401,RUN-D1-06,docs/quality/fase-7/evidence/RUN-D1-06/frontend/coverage/shared/ui/buttons/ActionIconButton.jsx.html,8355,2a107b226dc2cc674754a14c21628e07d01245955bfb49e47e08aa6f53674166,Local; ignorado por Git,Exportacion externa y retencion pendientes
EV-402,RUN-D1-06,docs/quality/fase-7/evidence/RUN-D1-06/frontend/coverage/shared/ui/buttons/ConfirmActionButton.jsx.html,12071,0afa45c00ac21a6f42f9aac3306e63d6f5f70f5458a499ef8e9d1ea0233efeac,Local; ignorado por Git,Exportacion externa y retencion pendientes
EV-403,RUN-D1-06,docs/quality/fase-7/evidence/RUN-D1-06/frontend/coverage/shared/ui/buttons/index.html,5230,21dda13d0fb141daa85ca9b03398ef262c4a49bd36d4dc89f8580e30ef6e6b0f,Local; ignorado por Git,Exportacion externa y retencion pendientes
EV-404,RUN-D1-06,docs/quality/fase-7/evidence/RUN-D1-06/frontend/coverage/shared/ui/display/CameraPreviewWindow.jsx.html,18479,db5ad4456873b8c87d2d9d93bb4af068d182f2dacf4dac729b7deea90a8637d0,Local; ignorado por Git,Exportacion externa y retencion pendientes
EV-405,RUN-D1-06,docs/quality/fase-7/evidence/RUN-D1-06/frontend/coverage/shared/ui/display/ImageDialog.jsx.html,13080,e4f3c335dd7346749e5dc149b6fdf618d2d4f6bd5471de52b2257635ed1fd9fc,Local; ignorado por Git,Exportacion externa y retencion pendientes
EV-406,RUN-D1-06,docs/quality/fase-7/evidence/RUN-D1-06/frontend/coverage/shared/ui/display/QuickActionCard.jsx.html,10947,78c80e2b7e5905e3fe3a7cccd146edf2f4e429a34bb9d457b96c85ee8c1eaecb,Local; ignorado por Git,Exportacion externa y retencion pendientes
EV-407,RUN-D1-06,docs/quality/fase-7/evidence/RUN-D1-06/frontend/coverage/shared/ui/display/StatCard.jsx.html,9876,a004ccec3b047f8d2e61fc94da1dd268f460655ac9e5c7b9688b14e3cc6f5ab2,Local; ignorado por Git,Exportacion externa y retencion pendientes
EV-408,RUN-D1-06,docs/quality/fase-7/evidence/RUN-D1-06/frontend/coverage/shared/ui/display/StatusChip.jsx.html,8061,c1c6170531612dbd921c1808033b70b939526aa39bf2f1fde8b7e8473fcdec06,Local; ignorado por Git,Exportacion externa y retencion pendientes
EV-409,RUN-D1-06,docs/quality/fase-7/evidence/RUN-D1-06/frontend/coverage/shared/ui/display/index.html,7285,76ca8403c7e1fca8658517a35226881836b373a7d3bfa9db835f255a87e1dcd0,Local; ignorado por Git,Exportacion externa y retencion pendientes
EV-410,RUN-D1-06,docs/quality/fase-7/evidence/RUN-D1-06/frontend/coverage/shared/ui/feedback/AppErrorBoundary.jsx.html,10806,f6723a7ed58c2207b0f4a775d80fa131022bdd591002d015749efbce774132fb,Local; ignorado por Git,Exportacion externa y retencion pendientes
EV-411,RUN-D1-06,docs/quality/fase-7/evidence/RUN-D1-06/frontend/coverage/shared/ui/feedback/ConfirmDialog.jsx.html,12127,8fbb68ffd86daff52cc27a9e8731421a2b2f229820dc7894406e3a112399f463,Local; ignorado por Git,Exportacion externa y retencion pendientes
EV-412,RUN-D1-06,docs/quality/fase-7/evidence/RUN-D1-06/frontend/coverage/shared/ui/feedback/EmptyState.jsx.html,8577,93407a11f03b462f0e3c6ee7560fbaf0ba76f258730fc80e4958b809edaf7590,Local; ignorado por Git,Exportacion externa y retencion pendientes
EV-413,RUN-D1-06,docs/quality/fase-7/evidence/RUN-D1-06/frontend/coverage/shared/ui/feedback/NotFoundPage.jsx.html,7652,ff7f63c6090c598cbd005ea7a8004b16c195cdf008efce6aba129a01569d1f23,Local; ignorado por Git,Exportacion externa y retencion pendientes
EV-414,RUN-D1-06,docs/quality/fase-7/evidence/RUN-D1-06/frontend/coverage/shared/ui/feedback/RouteFallback.jsx.html,7068,1b833cf9105f225bf105ea3a1e8eba09cfbe9beae4b496a598993d073c1eb068,Local; ignorado por Git,Exportacion externa y retencion pendientes
EV-415,RUN-D1-06,docs/quality/fase-7/evidence/RUN-D1-06/frontend/coverage/shared/ui/feedback/index.html,7268,ed1137723040d664793e34c3b0bc45cc2ce0b414d99d303e7befb41fe4de12df,Local; ignorado por Git,Exportacion externa y retencion pendientes
EV-416,RUN-D1-06,docs/quality/fase-7/evidence/RUN-D1-06/frontend/coverage/shared/ui/filters/FilterBar.jsx.html,8167,434bfef029b1847bafb0437d571f8565ab89b59d5cd80ba740d2f22093857534,Local; ignorado por Git,Exportacion externa y retencion pendientes
EV-417,RUN-D1-06,docs/quality/fase-7/evidence/RUN-D1-06/frontend/coverage/shared/ui/filters/FilterSelect.jsx.html,14212,b50b14fc9a837a1f0789ab801df1d9972c156277035259768f2c096e835eb431,Local; ignorado por Git,Exportacion externa y retencion pendientes
EV-418,RUN-D1-06,docs/quality/fase-7/evidence/RUN-D1-06/frontend/coverage/shared/ui/filters/SearchField.jsx.html,14820,aaf40cca9e97c790c446188005f9f132975796bb318f04eb26a1e66db7c63e79,Local; ignorado por Git,Exportacion externa y retencion pendientes
EV-419,RUN-D1-06,docs/quality/fase-7/evidence/RUN-D1-06/frontend/coverage/shared/ui/filters/index.html,5876,9ea824329d1cb1f663076cf373660085d48e8690e4f6bc24010ebdc7f733377b,Local; ignorado por Git,Exportacion externa y retencion pendientes
EV-420,RUN-D1-06,docs/quality/fase-7/evidence/RUN-D1-06/frontend/coverage/shared/ui/forms/DateField.jsx.html,10266,95665f6250e5b337bf04449322fa6132146632afeaedc5d6c5d24ef193b1fbb9,Local; ignorado por Git,Exportacion externa y retencion pendientes
EV-421,RUN-D1-06,docs/quality/fase-7/evidence/RUN-D1-06/frontend/coverage/shared/ui/forms/FormSelect.jsx.html,13177,bca5c621f77d12c1c624cacdfc5f3458cd360074034aa50c93ed41bff0f87207,Local; ignorado por Git,Exportacion externa y retencion pendientes
EV-422,RUN-D1-06,docs/quality/fase-7/evidence/RUN-D1-06/frontend/coverage/shared/ui/forms/FormTextField.jsx.html,7950,c35ae61c6af136ecb850ef03fc89ff4c760b0054d683a793dc8f87b2a683b079,Local; ignorado por Git,Exportacion externa y retencion pendientes
EV-423,RUN-D1-06,docs/quality/fase-7/evidence/RUN-D1-06/frontend/coverage/shared/ui/forms/SearchableSelect.jsx.html,13714,43608e31ec8aa02c53cdd3ea97dc51b7dfa6fe9a5f12716db0cdf127eb7f7577,Local; ignorado por Git,Exportacion externa y retencion pendientes
EV-424,RUN-D1-06,docs/quality/fase-7/evidence/RUN-D1-06/frontend/coverage/shared/ui/forms/index.html,6578,6f325c8ee6b843b66e04c2c80ef4b8347509f63f19d5c1e4044bc062830ac756,Local; ignorado por Git,Exportacion externa y retencion pendientes
EV-425,RUN-D1-06,docs/quality/fase-7/evidence/RUN-D1-06/frontend/coverage/shared/ui/layout/DetailWindow.jsx.html,14866,5cd2991ada67b250fbb9cc886f88188cfe2a5731cea6930d91a8419961379195,Local; ignorado por Git,Exportacion externa y retencion pendientes
EV-426,RUN-D1-06,docs/quality/fase-7/evidence/RUN-D1-06/frontend/coverage/shared/ui/layout/FloatingWindow.jsx.html,22665,0303fb2f1d6be21d83ba717c10d9228fcf423f3bb5af66485fe42f9c76ed96f8,Local; ignorado por Git,Exportacion externa y retencion pendientes
EV-427,RUN-D1-06,docs/quality/fase-7/evidence/RUN-D1-06/frontend/coverage/shared/ui/layout/PageHeader.jsx.html,10261,9dd8bfbb6b7945dc25b3bc170bc45b71bfe44a7bafe4a1ace8df7805dcbc7a00,Local; ignorado por Git,Exportacion externa y retencion pendientes
EV-428,RUN-D1-06,docs/quality/fase-7/evidence/RUN-D1-06/frontend/coverage/shared/ui/layout/SectionCard.jsx.html,22264,5a0c8055b6c258fd0dd29dc7c4637b8da97905761d59f134c527ce8a15392e3d,Local; ignorado por Git,Exportacion externa y retencion pendientes
EV-429,RUN-D1-06,docs/quality/fase-7/evidence/RUN-D1-06/frontend/coverage/shared/ui/layout/index.html,7268,6a1a1b31b3547725f77f14d89b8ba78d000c01710609e2ca598ac892229545f8,Local; ignorado por Git,Exportacion externa y retencion pendientes
EV-430,RUN-D1-06,docs/quality/fase-7/evidence/RUN-D1-06/frontend/coverage/shared/ui/layout/windowWidth.js.html,5430,390b782796c28896519f03d6d88603292dfad72f717ece1827c4fe61a1543a23,Local; ignorado por Git,Exportacion externa y retencion pendientes
EV-431,RUN-D1-06,docs/quality/fase-7/evidence/RUN-D1-06/frontend/coverage/shared/ui/table/DataTable.jsx.html,30053,63c5b353d2b52f0ff18754e3edb30a389bd783b4831490df442fb4116d502752,Local; ignorado por Git,Exportacion externa y retencion pendientes
EV-432,RUN-D1-06,docs/quality/fase-7/evidence/RUN-D1-06/frontend/coverage/shared/ui/table/ViewDetailButton.jsx.html,6856,dae6d23871ce74b2e90580a3347b25392695d53277a8ba7a842325eff173b890,Local; ignorado por Git,Exportacion externa y retencion pendientes
EV-433,RUN-D1-06,docs/quality/fase-7/evidence/RUN-D1-06/frontend/coverage/shared/ui/table/cells.jsx.html,13478,987a6e677d7a635e7d1b7b24f60330771291197262eb176d4f1199b7c04d49ac,Local; ignorado por Git,Exportacion externa y retencion pendientes
EV-434,RUN-D1-06,docs/quality/fase-7/evidence/RUN-D1-06/frontend/coverage/shared/ui/table/index.html,5868,951063e77cfdfcc54e8f30681463371b33ce00b03b978cb222add4dc2495d9d5,Local; ignorado por Git,Exportacion externa y retencion pendientes
EV-435,RUN-D1-06,docs/quality/fase-7/evidence/RUN-D1-06/frontend/coverage/shared/utils/csv.js.html,7882,62fbd484d325b1e64d4efd51a30307b804fd513714acd8cf8b2bb87469450cd9,Local; ignorado por Git,Exportacion externa y retencion pendientes
EV-436,RUN-D1-06,docs/quality/fase-7/evidence/RUN-D1-06/frontend/coverage/shared/utils/format.js.html,16029,d0761047fc507d63965dec10f62bd6e87c57765746aa6325de74ee8b157b7798,Local; ignorado por Git,Exportacion externa y retencion pendientes
EV-437,RUN-D1-06,docs/quality/fase-7/evidence/RUN-D1-06/frontend/coverage/shared/utils/index.html,5118,3e96b0c0025521e5943a9d43ef4436626fbf5b14662b8d76b03c13578e95452b,Local; ignorado por Git,Exportacion externa y retencion pendientes
EV-438,RUN-D1-06,docs/quality/fase-7/evidence/RUN-D1-06/frontend/coverage/sort-arrow-sprite.png,138,42c895355f9838ede83fdfdca90127d8471aefed5ecf5342374f65ec7c3f10ab,Local; ignorado por Git,Exportacion externa y retencion pendientes
EV-439,RUN-D1-06,docs/quality/fase-7/evidence/RUN-D1-06/frontend/coverage/sorter.js,6731,f8cc5d157379d844fd695ad567b6c29b3c1f0812964ddf6f95c26327e434bab5,Local; ignorado por Git,Exportacion externa y retencion pendientes
EV-440,RUN-D1-06,docs/quality/fase-7/evidence/RUN-D1-06/frontend/coverage/students/AlumnosPage.jsx.html,107079,187dac6c154bc5415304e1f6c77ee0f0d32433caaaaeaac48ab4192ae6aefeab,Local; ignorado por Git,Exportacion externa y retencion pendientes
EV-441,RUN-D1-06,docs/quality/fase-7/evidence/RUN-D1-06/frontend/coverage/students/index.html,5177,e50733a4912a94b49095fc183e031c757761ac007b48cace2c152ff84980738e,Local; ignorado por Git,Exportacion externa y retencion pendientes
EV-442,RUN-D1-06,docs/quality/fase-7/evidence/RUN-D1-06/frontend/coverage/students/studentsService.js.html,15721,e943d1eae6e9e5a9ebf5d0cb3ad2319c4ead2165d094b63c90f3d979aaa651da,Local; ignorado por Git,Exportacion externa y retencion pendientes
EV-443,RUN-D1-06,docs/quality/fase-7/evidence/RUN-D1-06/frontend/coverage/teachers/DocentesPage.jsx.html,61740,d36911c715e03361f49f7dc60ea0703f2ef63d9d95edb1694d04db6fbed8ffee,Local; ignorado por Git,Exportacion externa y retencion pendientes
EV-444,RUN-D1-06,docs/quality/fase-7/evidence/RUN-D1-06/frontend/coverage/teachers/index.html,5843,7412ed693bb545c89656af17cdf82c53f0d48d7ce80b490df6ae97b896bd9869,Local; ignorado por Git,Exportacion externa y retencion pendientes
EV-445,RUN-D1-06,docs/quality/fase-7/evidence/RUN-D1-06/frontend/coverage/teachers/teachersMock.js.html,4685,5cd24e80fbaf0b7a86435986b2a9bae515c69fbe8c6179f3d73c47bc5159221a,Local; ignorado por Git,Exportacion externa y retencion pendientes
EV-446,RUN-D1-06,docs/quality/fase-7/evidence/RUN-D1-06/frontend/coverage/teachers/teachersService.js.html,10296,315e77c29a8a9179dc5a403e7163aa7492e01e41069e5a539f748bda0c9a5ea0,Local; ignorado por Git,Exportacion externa y retencion pendientes
EV-447,RUN-D1-06,docs/quality/fase-7/evidence/RUN-D1-06/frontend/dist/.vite/manifest.json,24301,a9c9d85fe655a7f3756e7727c561a41e67b92aa7a24ab3f40e2e901847976189,Local; ignorado por Git,Exportacion externa y retencion pendientes
EV-448,RUN-D1-06,docs/quality/fase-7/evidence/RUN-D1-06/frontend/dist/assets/AccountsPage-tu3l3cIW.js,4243,eac21a858569c42a58c6648f0625deecd18101102b467c7843e9ffb3acc4a610,Local; ignorado por Git,Exportacion externa y retencion pendientes
EV-449,RUN-D1-06,docs/quality/fase-7/evidence/RUN-D1-06/frontend/dist/assets/ActionIconButton-D12s3tf-.js,343,621413e3f41bc27397e18f956af2edfafc889eced49fbc334675260b7b758c8e,Local; ignorado por Git,Exportacion externa y retencion pendientes
EV-450,RUN-D1-06,docs/quality/fase-7/evidence/RUN-D1-06/frontend/dist/assets/AlertsPage-6Emwhq8e.js,9879,bd7f4aebdac476ea55fcff84491d4463b8f6673296c0831d2e7973461cee05ed,Local; ignorado por Git,Exportacion externa y retencion pendientes
EV-451,RUN-D1-06,docs/quality/fase-7/evidence/RUN-D1-06/frontend/dist/assets/AlumnosPage-CiLUaUyS.js,11609,26c12a38e1a2af68b121e0caafa54479066ee50c71a75901b4003ee65f42c450,Local; ignorado por Git,Exportacion externa y retencion pendientes
EV-452,RUN-D1-06,docs/quality/fase-7/evidence/RUN-D1-06/frontend/dist/assets/AttendancePage-B0rrNsHQ.js,27604,af9c37f777b55f27510410eb246c6bee56515ea39968ba2bb4065211ada57469,Local; ignorado por Git,Exportacion externa y retencion pendientes
EV-453,RUN-D1-06,docs/quality/fase-7/evidence/RUN-D1-06/frontend/dist/assets/CampusesPage-BjUO3vhA.js,6309,7ff786412c241a9df2290e80d3da269939219100973756651d625a55ea930b31,Local; ignorado por Git,Exportacion externa y retencion pendientes
EV-454,RUN-D1-06,docs/quality/fase-7/evidence/RUN-D1-06/frontend/dist/assets/ConfirmActionButton-ByzEJet5.js,663,63f9b506beb885ce10b24853131c8f14463c31ae9441949c1fe385e2baf5695a,Local; ignorado por Git,Exportacion externa y retencion pendientes
EV-455,RUN-D1-06,docs/quality/fase-7/evidence/RUN-D1-06/frontend/dist/assets/ContentCopyOutlined-VnOvQwkt.js,221,54daa055495d34627025379de29f029089df0049a0d18beaa57bc12ce2fa6b4c,Local; ignorado por Git,Exportacion externa y retencion pendientes
EV-456,RUN-D1-06,docs/quality/fase-7/evidence/RUN-D1-06/frontend/dist/assets/CyclesPage-DS4KCwa1.js,9835,4847cfebe2c73a78a4db6ffdf23874e8c65e30914c6f5b25829b7ca00f8433b3,Local; ignorado por Git,Exportacion externa y retencion pendientes
EV-457,RUN-D1-06,docs/quality/fase-7/evidence/RUN-D1-06/frontend/dist/assets/DashboardPage-CshWbidl.js,4561,19b31474c28b322a542b1bf7e457e06f89ef90e7e183a20b0f9b7536fa10662d,Local; ignorado por Git,Exportacion externa y retencion pendientes
EV-458,RUN-D1-06,docs/quality/fase-7/evidence/RUN-D1-06/frontend/dist/assets/DetailWindow-DEGTiNR8.js,838,c530a68e08bef9a7618cdf4c2fde69b994d32bb11c00898c6ff308caddf1298f,Local; ignorado por Git,Exportacion externa y retencion pendientes
EV-459,RUN-D1-06,docs/quality/fase-7/evidence/RUN-D1-06/frontend/dist/assets/DocentesPage-B2qn3aZP.js,7214,634265e11378ad5e8244b2cd0389f46d5ca6f66badf486f56e864a0dd7f8a918,Local; ignorado por Git,Exportacion externa y retencion pendientes
EV-460,RUN-D1-06,docs/quality/fase-7/evidence/RUN-D1-06/frontend/dist/assets/DocumentTypesPage-Yv8F0Le9.js,3271,0b0fb42936e164674fdd692a7e57ff5c2c5f35fabb624cb28c5f823499246a88,Local; ignorado por Git,Exportacion externa y retencion pendientes
EV-461,RUN-D1-06,docs/quality/fase-7/evidence/RUN-D1-06/frontend/dist/assets/EditOutlined-CwlL6va0.js,291,f855a61b16bfd2409f916897259a56389d8230223fec75acdd3eec96fff9887a,Local; ignorado por Git,Exportacion externa y retencion pendientes
EV-462,RUN-D1-06,docs/quality/fase-7/evidence/RUN-D1-06/frontend/dist/assets/EnrolmentsPage-ZzRQYfDr.js,16400,2912652bbb3895d120b165df3eb22f781ad0fe9e2df584f0053fb558274d11e7,Local; ignorado por Git,Exportacion externa y retencion pendientes
EV-463,RUN-D1-06,docs/quality/fase-7/evidence/RUN-D1-06/frontend/dist/assets/EntityFormWindow-CDlqjjDf.js,5043,d1e799bd147e0f5a9abd839be3573f62a1ab271b6a5b11711f9677949b5304eb,Local; ignorado por Git,Exportacion externa y retencion pendientes
EV-464,RUN-D1-06,docs/quality/fase-7/evidence/RUN-D1-06/frontend/dist/assets/EvaluationPage-DHMSRM6e.js,17881,af0b4081ef166f9721676fdbba21dfd9416b505afac1bf1e367586041a071984,Local; ignorado por Git,Exportacion externa y retencion pendientes
EV-465,RUN-D1-06,docs/quality/fase-7/evidence/RUN-D1-06/frontend/dist/assets/FilterBar-DdCxqesw.js,458,7fe1a950ef4fb835f0d088a66a7e5944428d99126486a983a5ca20cdef70d83b,Local; ignorado por Git,Exportacion externa y retencion pendientes
EV-466,RUN-D1-06,docs/quality/fase-7/evidence/RUN-D1-06/frontend/dist/assets/FilterSelect-BMXZaTl6.js,762,002f4f09191ca6e98943723f94ca3c63b8b14eb73768a2ba0bde52eb76de0bca,Local; ignorado por Git,Exportacion externa y retencion pendientes
EV-467,RUN-D1-06,docs/quality/fase-7/evidence/RUN-D1-06/frontend/dist/assets/FormSelect-DxWkOSM5.js,1332,09c9a110869687bd73c81e34e0695892816f369fff0fe1363515e505f59cc28e,Local; ignorado por Git,Exportacion externa y retencion pendientes
EV-468,RUN-D1-06,docs/quality/fase-7/evidence/RUN-D1-06/frontend/dist/assets/GuardiansPage-CSXrZud-.js,4842,95951895f68001f8a14379c41f1195272422f9c0329dce668bf000342c693898,Local; ignorado por Git,Exportacion externa y retencion pendientes
EV-469,RUN-D1-06,docs/quality/fase-7/evidence/RUN-D1-06/frontend/dist/assets/HistoryOutlined-BSOWEPWC.js,326,bca5742f634287bc06df968101d0f66060918cabcf98f6c17f0526c97af85744,Local; ignorado por Git,Exportacion externa y retencion pendientes
EV-470,RUN-D1-06,docs/quality/fase-7/evidence/RUN-D1-06/frontend/dist/assets/HomePage-DYqthxz6.js,1625,ff487abcfa348944cc1030cc5a42f685c7d4e1303a1d2d2414f3b4f70b5ea96e,Local; ignorado por Git,Exportacion externa y retencion pendientes
EV-471,RUN-D1-06,docs/quality/fase-7/evidence/RUN-D1-06/frontend/dist/assets/ImageDialog-CFjz5ciB.js,1306,737a29f02615e419fa52123efaf46c3bf81002a80aab93373bc5a59d3e4d447e,Local; ignorado por Git,Exportacion externa y retencion pendientes
EV-472,RUN-D1-06,docs/quality/fase-7/evidence/RUN-D1-06/frontend/dist/assets/LevelsPage-DOz4Wd5S.js,10185,60de2ba0e06aca81c4d9e96433d81c5ade5c0eb5d1de79391916e4f44caad2f5,Local; ignorado por Git,Exportacion externa y retencion pendientes
EV-473,RUN-D1-06,docs/quality/fase-7/evidence/RUN-D1-06/frontend/dist/assets/ListSection-17CYAxUo.js,1168,37fa9b31028b9886813080209bafb0784f3b4600d3eca70f22fc260cac158143,Local; ignorado por Git,Exportacion externa y retencion pendientes
EV-474,RUN-D1-06,docs/quality/fase-7/evidence/RUN-D1-06/frontend/dist/assets/LoginPage-AcSePzeA.js,2248,9604c38414e72ebef51476a8d863049255cb2dbcf016826e5b1f97a15fd7cf96,Local; ignorado por Git,Exportacion externa y retencion pendientes
EV-475,RUN-D1-06,docs/quality/fase-7/evidence/RUN-D1-06/frontend/dist/assets/PersonasPage-YvS8WYMv.js,4000,78a4ed5380db369c579380d1b340edecee12eda4b588e5edd570c7b8aff18c17,Local; ignorado por Git,Exportacion externa y retencion pendientes
EV-476,RUN-D1-06,docs/quality/fase-7/evidence/RUN-D1-06/frontend/dist/assets/PreviewOutlined-oIobLVCK.js,451,a918536ccb17a345c6efebcf06b42ad52b9356a9f1e1a1d0b168fe2b05d42ce0,Local; ignorado por Git,Exportacion externa y retencion pendientes
EV-477,RUN-D1-06,docs/quality/fase-7/evidence/RUN-D1-06/frontend/dist/assets/RoomsPage-Bx55HGUr.js,4669,6c0f48ca26a5175c8cb11bf825d75afbf27df23681bfed2ab2bec99cc7c2a881,Local; ignorado por Git,Exportacion externa y retencion pendientes
EV-478,RUN-D1-06,docs/quality/fase-7/evidence/RUN-D1-06/frontend/dist/assets/Search-Cf5SyFi-.js,325,854f8a15b24edeb666c97237ac27bd23c9bc3250feff52ed61c07a9e3d9f18cb,Local; ignorado por Git,Exportacion externa y retencion pendientes
EV-479,RUN-D1-06,docs/quality/fase-7/evidence/RUN-D1-06/frontend/dist/assets/SearchField-BbZoX_kO.js,1166,4a393347f2dc6eafa6280c7818462ef22f711a5e4042a35a7801afac320a9ec2,Local; ignorado por Git,Exportacion externa y retencion pendientes
EV-480,RUN-D1-06,docs/quality/fase-7/evidence/RUN-D1-06/frontend/dist/assets/StatCard-C56tyaOf.js,701,661ed25ac23c7ec3bbdc534783048c23a2006e943e7a9e9bf938ba8ac7cebadd,Local; ignorado por Git,Exportacion externa y retencion pendientes
EV-481,RUN-D1-06,docs/quality/fase-7/evidence/RUN-D1-06/frontend/dist/assets/StatusChip-Bbw3qNs3.js,908,980334148c488d1172831dd9e0578a487fa7dea598d1d6d37e8b2fc547ad9c0e,Local; ignorado por Git,Exportacion externa y retencion pendientes
EV-482,RUN-D1-06,docs/quality/fase-7/evidence/RUN-D1-06/frontend/dist/assets/SubjectsPage-BU-nUVrZ.js,3160,1971e663d9c9b82daa1d040026d43a2b7029ec027115e8c446301e5ad8624756,Local; ignorado por Git,Exportacion externa y retencion pendientes
EV-483,RUN-D1-06,docs/quality/fase-7/evidence/RUN-D1-06/frontend/dist/assets/TeachingAssignmentsPage-3QLhFfEi.js,14912,740dd63b343594560b5171ec9827969fe007f5588103e248050bfa20fc7b8aec,Local; ignorado por Git,Exportacion externa y retencion pendientes
EV-484,RUN-D1-06,docs/quality/fase-7/evidence/RUN-D1-06/frontend/dist/assets/TemplatesPage-8gQenzLf.js,8421,6b9d9dd75faf4d416d7fafeb111dcc7651b289321bc0191bb38d2acf9519ff70,Local; ignorado por Git,Exportacion externa y retencion pendientes
EV-485,RUN-D1-06,docs/quality/fase-7/evidence/RUN-D1-06/frontend/dist/assets/TuneOutlined-B63oYzpV.js,211,b9417b18428bc800499229e63fc6731c1f52ead90e2c2bd2dd3ba1fe0ce73dbb,Local; ignorado por Git,Exportacion externa y retencion pendientes
EV-486,RUN-D1-06,docs/quality/fase-7/evidence/RUN-D1-06/frontend/dist/assets/ViewDetailButton-DVh9OxJT.js,1890,a9e4a67be19426dff2f6541c9061bf8522f1b9e0a756f5461a9e62beba43bdce,Local; ignorado por Git,Exportacion externa y retencion pendientes
EV-487,RUN-D1-06,docs/quality/fase-7/evidence/RUN-D1-06/frontend/dist/assets/academicCatalogs-CmqVXIsK.js,4407,6152b41c548cd29112dcd31ce7878de3e29a8ddf822afcb6970f7f672e16815e,Local; ignorado por Git,Exportacion externa y retencion pendientes
EV-488,RUN-D1-06,docs/quality/fase-7/evidence/RUN-D1-06/frontend/dist/assets/academicsService-JA3h8mQE.js,2357,83839dfc4e5b6e04a0d45c8e85ec9fbe48f3aa1bbb799f67e55f3004d295b6a6,Local; ignorado por Git,Exportacion externa y retencion pendientes
EV-489,RUN-D1-06,docs/quality/fase-7/evidence/RUN-D1-06/frontend/dist/assets/cells-0BeZ8RTd.js,3169,0d1a77f6c773569f715025549c72f763506f1a38736d9e3965122dcdd96c220c,Local; ignorado por Git,Exportacion externa y retencion pendientes
EV-490,RUN-D1-06,docs/quality/fase-7/evidence/RUN-D1-06/frontend/dist/assets/documentsService-C3um43vr.js,1350,501737fe021ada1dd9bd4c4e63c478a91f73a3ab8d7bd197694b1184b9ec146e,Local; ignorado por Git,Exportacion externa y retencion pendientes
EV-491,RUN-D1-06,docs/quality/fase-7/evidence/RUN-D1-06/frontend/dist/assets/guardiansService-oHVi72Ys.js,525,77a15ef7a7ec063be0b370f0d2d35984d643ac3cc70be4d1d6ef66f7545f645d,Local; ignorado por Git,Exportacion externa y retencion pendientes
EV-492,RUN-D1-06,docs/quality/fase-7/evidence/RUN-D1-06/frontend/dist/assets/index-BT9_i1Vh.js,262486,a30b3224b89181889c5f5b217841044d4603a36450d2f961a2853e1eb7672825,Local; ignorado por Git,Exportacion externa y retencion pendientes
EV-493,RUN-D1-06,docs/quality/fase-7/evidence/RUN-D1-06/frontend/dist/assets/index-Cq-R1514.css,249,89a9e09dcd0225a7314ed19939959c2a9bdefc1c8c45d2d3ada0fee62b7ce6f1,Local; ignorado por Git,Exportacion externa y retencion pendientes
EV-494,RUN-D1-06,docs/quality/fase-7/evidence/RUN-D1-06/frontend/dist/assets/logo-KhNn8XJ4.webp,3522,a3cd4d0ee67f1463537a91c294dcaf0227a99899292da45ceeb1368211f8d0e0,Local; ignorado por Git,Exportacion externa y retencion pendientes
EV-495,RUN-D1-06,docs/quality/fase-7/evidence/RUN-D1-06/frontend/dist/assets/pages-DWLDR6ms.js,150,af4a6f3fd6df0c40fe4845c76f988cea8d3ae5ed6a4f26018ed6f317e8d117b2,Local; ignorado por Git,Exportacion externa y retencion pendientes
EV-496,RUN-D1-06,docs/quality/fase-7/evidence/RUN-D1-06/frontend/dist/assets/query-BzbEd3E5.js,210,b5d728a5b752d0097966afbe064c32326a861eee19ef4b244de647f18be5cc18,Local; ignorado por Git,Exportacion externa y retencion pendientes
EV-497,RUN-D1-06,docs/quality/fase-7/evidence/RUN-D1-06/frontend/dist/assets/studentsService-p0G0gA3T.js,1448,77b4b7fe7cda4091804fb6ca790a21aa7911fa75ad21400fea831ca797dd74d5,Local; ignorado por Git,Exportacion externa y retencion pendientes
EV-498,RUN-D1-06,docs/quality/fase-7/evidence/RUN-D1-06/frontend/dist/assets/suggestion-DdzLWA75.js,77,a7c2ab305873db05911b9d353cee5d6746b768047c8b0dea599326cbc88f4388,Local; ignorado por Git,Exportacion externa y retencion pendientes
EV-499,RUN-D1-06,docs/quality/fase-7/evidence/RUN-D1-06/frontend/dist/assets/teachersService-DTXVvnbH.js,853,92c1046ee32786c4f807c4a886397d5b9e43a17b3f09afd4ae26b7704b218107,Local; ignorado por Git,Exportacion externa y retencion pendientes
EV-500,RUN-D1-06,docs/quality/fase-7/evidence/RUN-D1-06/frontend/dist/assets/useBatchSubmit-BUBjPKac.js,970,d954e9ffc2d52f669a42aee0b429e29dfb3f03699ab86121609d2f84ad7967fa,Local; ignorado por Git,Exportacion externa y retencion pendientes
EV-501,RUN-D1-06,docs/quality/fase-7/evidence/RUN-D1-06/frontend/dist/assets/useCatalogOptions-ZoE5D2n5.js,196,2d4dd63e9bd53f99a4a1fa136e797b868478785a0b0f8c213bd3b7a3b0860c4c,Local; ignorado por Git,Exportacion externa y retencion pendientes
EV-502,RUN-D1-06,docs/quality/fase-7/evidence/RUN-D1-06/frontend/dist/assets/usePaginatedList-CkK9ldAu.js,800,d772ab95cbea4fe7a73fa91b66b8a092653ba77f978a91259c9fb777c2392b32,Local; ignorado por Git,Exportacion externa y retencion pendientes
EV-503,RUN-D1-06,docs/quality/fase-7/evidence/RUN-D1-06/frontend/dist/assets/vendor-emotion-BQNeEnbO.js,26563,4dc85b0bf0dc0be1a4a69b3b877af98bad0284bf2ee64de19e624ffc54738d22,Local; ignorado por Git,Exportacion externa y retencion pendientes
EV-504,RUN-D1-06,docs/quality/fase-7/evidence/RUN-D1-06/frontend/dist/assets/vendor-mui-core-R4LCsD82.js,341398,707975fe4586ec68f594dc5b462d2c7a67d5615d4ac18ed74767ff52da5ee91d,Local; ignorado por Git,Exportacion externa y retencion pendientes
EV-505,RUN-D1-06,docs/quality/fase-7/evidence/RUN-D1-06/frontend/dist/assets/vendor-react-BQxi4z29.js,48893,45e84bcda5da9348b7ea43197a4b5ccad1a852caab0a461ab8f00b377b5aceac,Local; ignorado por Git,Exportacion externa y retencion pendientes
EV-506,RUN-D1-06,docs/quality/fase-7/evidence/RUN-D1-06/frontend/dist/index.html,2094,7625ef8a960c58832d2a1db85e3362c97a4e525f6d5447d45e111cb377a7d62c,Local; ignorado por Git,Exportacion externa y retencion pendientes
EV-507,RUN-D1-06,docs/quality/fase-7/evidence/RUN-D1-06/frontend/junit.xml,60063,e85533834e95af20543b64fa9adfeb23ae592c31dbdde88f4597e3c4def8cc60,Local; ignorado por Git,Exportacion externa y retencion pendientes
EV-508,RUN-D1-06,docs/quality/fase-7/evidence/RUN-D1-06/logs/backend-audit.log,201,53cedee33d9acfdacbc34ad973c6bfb1964c801f353d6c33797a233d618e8de3,Local; ignorado por Git,Exportacion externa y retencion pendientes
EV-509,RUN-D1-06,docs/quality/fase-7/evidence/RUN-D1-06/logs/backend-bandit.log,159,17e65cc455702d8c7e3f7627cf74bf11952e89af89363c5c9e0408ea73754121,Local; ignorado por Git,Exportacion externa y retencion pendientes
EV-510,RUN-D1-06,docs/quality/fase-7/evidence/RUN-D1-06/logs/backend-format.log,187,139171e34e22dcb845d16f2fe02fad213e67fd2b467c4a01fb6865b863e08a87,Local; ignorado por Git,Exportacion externa y retencion pendientes
EV-511,RUN-D1-06,docs/quality/fase-7/evidence/RUN-D1-06/logs/backend-lint.log,178,aace9e4f6c6e749e34474001dc6a99946295c97c118024644e838b5eadddcdb7,Local; ignorado por Git,Exportacion externa y retencion pendientes
EV-512,RUN-D1-06,docs/quality/fase-7/evidence/RUN-D1-06/logs/backend-tests.log,43456,5aeb2eaf7a620a5f18147c24a3b90fe1b5ef4e119ff781a6dad9f6fea1540f53,Local; ignorado por Git,Exportacion externa y retencion pendientes
EV-513,RUN-D1-06,docs/quality/fase-7/evidence/RUN-D1-06/logs/build-backend.log,2952,d5180ab6af7ef2eb2111b13b353d00d6f78216b0ed9723e5d15d2f2c1eab22f8,Local; ignorado por Git,Exportacion externa y retencion pendientes
EV-514,RUN-D1-06,docs/quality/fase-7/evidence/RUN-D1-06/logs/build-frontend.log,2545,89cbc397179acd0b7b2f89f7c5f2a9c53644c76729a254a45bd5b9bfcb89c402,Local; ignorado por Git,Exportacion externa y retencion pendientes
EV-515,RUN-D1-06,docs/quality/fase-7/evidence/RUN-D1-06/logs/cleanup.log,470,4dd9f23b6d434214ee2cd520b20210f8ee37e3780e99da66adfe5afff9fe36cc,Local; ignorado por Git,Exportacion externa y retencion pendientes
EV-516,RUN-D1-06,docs/quality/fase-7/evidence/RUN-D1-06/logs/compose.log,29,e58f93f57ad18423072eac1bd4e9919ba60b6be081fefc153f4dee52dd47da2a,Local; ignorado por Git,Exportacion externa y retencion pendientes
EV-517,RUN-D1-06,docs/quality/fase-7/evidence/RUN-D1-06/logs/database-start.log,578,d57b49282e2ae79dcfecf274d209ad874d17180985b158af6afcea13a6891be5,Local; ignorado por Git,Exportacion externa y retencion pendientes
EV-518,RUN-D1-06,docs/quality/fase-7/evidence/RUN-D1-06/logs/django-check.log,207,b5c96a7222918f3278debd24dcda99ae9a36bff85b77d8e4c592052e9d736d4b,Local; ignorado por Git,Exportacion externa y retencion pendientes
EV-519,RUN-D1-06,docs/quality/fase-7/evidence/RUN-D1-06/logs/docker.log,7,c007c7e1712540ee77c9ce8e454890d905ff0193ec24907cb08ffd9d00b25d98,Local; ignorado por Git,Exportacion externa y retencion pendientes
EV-520,RUN-D1-06,docs/quality/fase-7/evidence/RUN-D1-06/logs/frontend-audit.log,175,e2cfa861a2c5465d02d4fb7c01b3074d85c42597fb9d9829a7daebc277b024f1,Local; ignorado por Git,Exportacion externa y retencion pendientes
EV-521,RUN-D1-06,docs/quality/fase-7/evidence/RUN-D1-06/logs/frontend-build.log,5631,601da02ec14925213321abc7e403017f6667a8e4a21f003c6742084a283669e5,Local; ignorado por Git,Exportacion externa y retencion pendientes
EV-522,RUN-D1-06,docs/quality/fase-7/evidence/RUN-D1-06/logs/frontend-format.log,489,38e9ff76141faa4a86937dcddc480a9b0f55e6dd35f85095f77acfdc0fb0b85c,Local; ignorado por Git,Exportacion externa y retencion pendientes
EV-523,RUN-D1-06,docs/quality/fase-7/evidence/RUN-D1-06/logs/frontend-lint.log,405,f412ccb880ef489cfb6bffb33d5dfcaa3c34d5da33ef2440a29089994f7ad8a7,Local; ignorado por Git,Exportacion externa y retencion pendientes
EV-524,RUN-D1-06,docs/quality/fase-7/evidence/RUN-D1-06/logs/frontend-tests.log,28541,31fbd4f75a42b20fec1208636d26f3e0293a58c6d1c1821fc5e1af7c0a126e64,Local; ignorado por Git,Exportacion externa y retencion pendientes
EV-525,RUN-D1-06,docs/quality/fase-7/evidence/RUN-D1-06/logs/git-sha-end.log,41,091f503a7493503fa9b27fa3fe186f184be28227a1904d7652c84caf86671f20,Local; ignorado por Git,Exportacion externa y retencion pendientes
EV-526,RUN-D1-06,docs/quality/fase-7/evidence/RUN-D1-06/logs/git-sha.log,41,091f503a7493503fa9b27fa3fe186f184be28227a1904d7652c84caf86671f20,Local; ignorado por Git,Exportacion externa y retencion pendientes
EV-527,RUN-D1-06,docs/quality/fase-7/evidence/RUN-D1-06/logs/git-status-end.log,851,6dcd314c947186f3465ede2218aeec63083fd69869354aca714eb01b802f745f,Local; ignorado por Git,Exportacion externa y retencion pendientes
EV-528,RUN-D1-06,docs/quality/fase-7/evidence/RUN-D1-06/logs/git-status.log,851,6dcd314c947186f3465ede2218aeec63083fd69869354aca714eb01b802f745f,Local; ignorado por Git,Exportacion externa y retencion pendientes
EV-529,RUN-D1-06,docs/quality/fase-7/evidence/RUN-D1-06/logs/migrations-apply.log,6620,365805fd0e4ff8a55a1f253e30c504ca3bffd798012ae940655bd0635c2bd955,Local; ignorado por Git,Exportacion externa y retencion pendientes
EV-530,RUN-D1-06,docs/quality/fase-7/evidence/RUN-D1-06/logs/migrations-check.log,179,6866bc68b7c39913b14cfb0ef269f31a3fd94684415d2034acab5fcf9b7bde6b,Local; ignorado por Git,Exportacion externa y retencion pendientes
EV-531,RUN-D1-06,docs/quality/fase-7/evidence/RUN-D1-06/logs/node-version.log,402,b895a491c998f564a281d11d51d18a978c0b76b47f578ad59475f2390b048972,Local; ignorado por Git,Exportacion externa y retencion pendientes
EV-532,RUN-D1-06,docs/quality/fase-7/evidence/RUN-D1-06/logs/postgres-version.log,28,4bbf9e40bb4cab414db862e0f93affb1d83c24ec83285eea9e7c2efbbc84d9fa,Local; ignorado por Git,Exportacion externa y retencion pendientes
EV-533,RUN-D1-06,docs/quality/fase-7/evidence/RUN-D1-06/logs/python-version.log,174,97896af2c69140f7f90c4ee8771b67dc588f3d9fe017564ee784a49e4e432a93,Local; ignorado por Git,Exportacion externa y retencion pendientes
EV-534,RUN-D1-06,docs/quality/fase-7/evidence/RUN-D1-06/logs/source-files-end.log,32197,c2ab6ec96f125680b0bbf4ebf75aaf64fc9b6c019d65358d6ef78a8b295666b1,Local; ignorado por Git,Exportacion externa y retencion pendientes
EV-535,RUN-D1-06,docs/quality/fase-7/evidence/RUN-D1-06/logs/source-files.log,32197,c2ab6ec96f125680b0bbf4ebf75aaf64fc9b6c019d65358d6ef78a8b295666b1,Local; ignorado por Git,Exportacion externa y retencion pendientes
EV-536,RUN-D1-06,docs/quality/fase-7/evidence/RUN-D1-06/summary.json,22913,8d28f7eed1c8ce9db189b9dc289898f521a3544c1dbc89a7773e9343eaa4c137,Local; ignorado por Git,Exportacion externa y retencion pendientes
